-- PostgreSQL Database Dump
-- Generated: 2025-12-01T15:37:55.189Z
-- Database: ICTCOORdb

SET statement_timeout = 0;
SET lock_timeout = 0;
SET idle_in_transaction_session_timeout = 0;
SET client_encoding = 'UTF8';
SET standard_conforming_strings = on;
SET check_function_bodies = false;
SET xmloption content;
SET client_min_messages = warning;
SET row_security = off;

-- Drop existing tables
DROP TABLE IF EXISTS "users" CASCADE;
DROP TABLE IF EXISTS "teachers_archive" CASCADE;
DROP TABLE IF EXISTS "teachers" CASCADE;
DROP TABLE IF EXISTS "teacher_sections" CASCADE;
DROP TABLE IF EXISTS "submission_logs" CASCADE;
DROP TABLE IF EXISTS "students_archive" CASCADE;
DROP TABLE IF EXISTS "students" CASCADE;
DROP TABLE IF EXISTS "student_behavior_reports_archive" CASCADE;
DROP TABLE IF EXISTS "student_behavior_reports" CASCADE;
DROP TABLE IF EXISTS "snapshot_students" CASCADE;
DROP TABLE IF EXISTS "sections" CASCADE;
DROP TABLE IF EXISTS "section_snapshots_json" CASCADE;
DROP TABLE IF EXISTS "section_snapshots" CASCADE;
DROP TABLE IF EXISTS "section_snapshot_students" CASCADE;
DROP TABLE IF EXISTS "section_snapshot_items" CASCADE;
DROP TABLE IF EXISTS "section_snapshot_groups" CASCADE;
DROP TABLE IF EXISTS "section_counts_history" CASCADE;
DROP TABLE IF EXISTS "registraraccount" CASCADE;
DROP TABLE IF EXISTS "registrar_accounts" CASCADE;
DROP TABLE IF EXISTS "notifications" CASCADE;
DROP TABLE IF EXISTS "messaging" CASCADE;
DROP TABLE IF EXISTS "login_logs" CASCADE;
DROP TABLE IF EXISTS "guidance_teacher_messages" CASCADE;
DROP TABLE IF EXISTS "guidance_accounts" CASCADE;
DROP TABLE IF EXISTS "enrollment_requests" CASCADE;
DROP TABLE IF EXISTS "early_registration" CASCADE;
DROP TABLE IF EXISTS "document_requests" CASCADE;
DROP TABLE IF EXISTS "blocked_ips" CASCADE;
DROP TABLE IF EXISTS "behavior_reports" CASCADE;
DROP TABLE IF EXISTS "behavior_report_archives" CASCADE;
DROP TABLE IF EXISTS "audit_logs" CASCADE;


-- Table: "users"
CREATE TABLE "users" (
  "id" integer DEFAULT nextval('users_id_seq'::regclass) NOT NULL,
  "username" character varying(50) NOT NULL,
  "password" character varying(100) NOT NULL,
  "role" character varying(20) NOT NULL,
  PRIMARY KEY ("id")
);

INSERT INTO "users" ("id", "username", "password", "role") VALUES
(1, 'admin', '$2b$10$ATQJhzLp.2DOYxoFJDDiJ.T.GYAgX7gGifIfo3qykmYrQP3n.Zrkm', 'admin'),
(2, 'ictcoor', '$2b$10$ATQJhzLp.2DOYxoFJDDiJ.T.GYAgX7gGifIfo3qykmYrQP3n.Zrkm', 'ictcoor');

-- Table: "teachers_archive"
CREATE TABLE "teachers_archive" (
  "id" integer DEFAULT nextval('teachers_archive_id_seq'::regclass) NOT NULL,
  "original_id" integer,
  "username" character varying(50),
  "password" character varying(255),
  "first_name" character varying(50),
  "middle_name" character varying(50),
  "last_name" character varying(50),
  "ext_name" character varying(10),
  "email" character varying(100),
  "contact_number" character varying(20),
  "birthday" date,
  "sex" character varying(10),
  "address" text,
  "employee_id" character varying(50),
  "department" character varying(100),
  "position" character varying(100),
  "specialization" character varying(100),
  "date_hired" date,
  "is_active" boolean DEFAULT true,
  "created_at" timestamp without time zone,
  "updated_at" timestamp without time zone,
  "archived_by" integer,
  "archived_at" timestamp without time zone DEFAULT CURRENT_TIMESTAMP,
  PRIMARY KEY ("id")
);

-- Table: "teachers"
CREATE TABLE "teachers" (
  "id" integer DEFAULT nextval('teachers_id_seq'::regclass) NOT NULL,
  "username" character varying(50) NOT NULL,
  "password" character varying(255) NOT NULL,
  "first_name" character varying(50) NOT NULL,
  "middle_name" character varying(50),
  "last_name" character varying(50) NOT NULL,
  "ext_name" character varying(10),
  "email" character varying(100),
  "contact_number" character varying(20),
  "birthday" date,
  "sex" character varying(10),
  "address" text,
  "employee_id" character varying(50),
  "department" character varying(100),
  "position" character varying(100),
  "specialization" character varying(100),
  "date_hired" date,
  "is_active" boolean DEFAULT true,
  "created_at" timestamp without time zone DEFAULT CURRENT_TIMESTAMP,
  "updated_at" timestamp without time zone DEFAULT CURRENT_TIMESTAMP,
  "is_archived" boolean DEFAULT false,
  PRIMARY KEY ("id")
);

INSERT INTO "teachers" ("id", "username", "password", "first_name", "middle_name", "last_name", "ext_name", "email", "contact_number", "birthday", "sex", "address", "employee_id", "department", "position", "specialization", "date_hired", "is_active", "created_at", "updated_at", "is_archived") VALUES
(8, 'cheryl', '$2b$10$0wAFg7QE6giU3brT1mnIfOHEI0Jy45A6jpRVb/UtmusR4pzlOHF4S', 'Cheryl', NULL, 'Dechosa', NULL, 'cheryl@gmail.com', '09345676554', '"2025-11-23T16:00:00.000Z"', 'Female', 'Mabini Batangas', NULL, NULL, 'Adviser I', 'Marketing', '"2025-11-23T16:00:00.000Z"', true, '"2025-11-24T11:20:35.707Z"', '"2025-11-24T11:20:35.707Z"', false);

-- Table: "teacher_sections"
CREATE TABLE "teacher_sections" (
  "id" integer DEFAULT nextval('teacher_sections_id_seq'::regclass) NOT NULL,
  "teacher_id" integer,
  "section_id" integer,
  "academic_year" character varying(20),
  "is_current" boolean DEFAULT true,
  "created_at" timestamp without time zone DEFAULT CURRENT_TIMESTAMP,
  PRIMARY KEY ("id")
);

-- Table: "submission_logs"
CREATE TABLE "submission_logs" (
  "id" integer DEFAULT nextval('submission_logs_id_seq'::regclass) NOT NULL,
  "submission_type" character varying(50) NOT NULL,
  "ip_address" character varying(45) NOT NULL,
  "user_agent" text,
  "email" character varying(255),
  "lrn" character varying(12),
  "form_data" jsonb,
  "status" character varying(20) NOT NULL,
  "error_message" text,
  "request_token" character varying(20),
  "created_at" timestamp without time zone DEFAULT CURRENT_TIMESTAMP,
  PRIMARY KEY ("id")
);

INSERT INTO "submission_logs" ("id", "submission_type", "ip_address", "user_agent", "email", "lrn", "form_data", "status", "error_message", "request_token", "created_at") VALUES
(18, 'enrollment', '127.0.0.1', 'Mozilla/5.0 (Windows NT 10.0; Win64; x64) AppleWebKit/537.36 (KHTML, like Gecko) Chrome/122.0.6261.95 Safari/537.36', 'Johnrenzo11@gmail.com', NULL, '{"lrn":"","gmail":"Johnrenzo11@gmail.com","lastName":"Macalin","givenName":"Renzo","gradeLevel":"Grade 2"}', 'success', NULL, 'FNRR-NAND-SWEJ', '"2025-11-20T00:40:27.085Z"'),
(19, 'document_request', '127.0.0.1', 'Mozilla/5.0 (Windows NT 10.0; Win64; x64) AppleWebKit/537.36 (KHTML, like Gecko) Chrome/122.0.6261.95 Safari/537.36', 'Kerocarl111@gmail.com', NULL, '{"email":"Kerocarl111@gmail.com","studentName":"Kero, carl miro","documentType":"Certificate of Enrollment"}', 'success', NULL, '5NZE-LL2K-CZFK', '"2025-11-20T05:12:43.447Z"'),
(20, 'enrollment', '127.0.0.1', 'Mozilla/5.0 (Windows NT 10.0; Win64; x64) AppleWebKit/537.36 (KHTML, like Gecko) Chrome/122.0.6261.95 Safari/537.36', 'asa@gmail.com', '111111111111', '{"lrn":"111111111111","gmail":"asa@gmail.com","lastName":"1","givenName":"1","gradeLevel":"Grade 1"}', 'success', NULL, 'S5QY-3265-B43N', '"2025-11-24T14:30:14.368Z"'),
(21, 'enrollment', '127.0.0.1', 'Mozilla/5.0 (Windows NT 10.0; Win64; x64) AppleWebKit/537.36 (KHTML, like Gecko) Chrome/122.0.6261.95 Safari/537.36', 'jamezbello93@gmail.com', NULL, '{"lrn":"","gmail":"jamezbello93@gmail.com","lastName":"ndks","givenName":"mxkskis","gradeLevel":"Grade 7"}', 'success', NULL, 'Y9T2-WGZJ-P6PX', '"2025-11-26T06:42:18.181Z"'),
(22, 'enrollment', '127.0.0.1', 'Mozilla/5.0 (Windows NT 10.0; Win64; x64) AppleWebKit/537.36 (KHTML, like Gecko) Chrome/122.0.6261.95 Safari/537.36', 'flwafwa@gmail.com', '222222222222', '{"lrn":"222222222222","gmail":"flwafwa@gmail.com","lastName":"dowia","givenName":"ljdhwaf","gradeLevel":"Grade 3"}', 'success', NULL, 'X3A2-2BYH-T3PW', '"2025-11-26T12:07:06.754Z"'),
(23, 'enrollment', '127.0.0.1', 'Mozilla/5.0 (Windows NT 10.0; Win64; x64) AppleWebKit/537.36 (KHTML, like Gecko) Chrome/122.0.6261.95 Safari/537.36', 'jamezbello93@gmail.com', '222222222222', '{"lrn":"222222222222","gmail":"jamezbello93@gmail.com","lastName":"clksa","givenName":"csafcaw","gradeLevel":"Grade 4"}', 'success', NULL, 'TAM8-8YKK-ANG3', '"2025-11-27T05:22:18.398Z"'),
(24, 'enrollment', '127.0.0.1', 'Mozilla/5.0 (Windows NT 10.0; Win64; x64) AppleWebKit/537.36 (KHTML, like Gecko) Chrome/122.0.6261.95 Safari/537.36', 'jamezbello93@gmail.com', '333333333333', '{"lrn":"333333333333","gmail":"jamezbello93@gmail.com","lastName":"qqqqq","givenName":"qqqq","gradeLevel":"Kinder"}', 'success', NULL, 'B62D-MTVW-XHP7', '"2025-11-29T01:08:14.077Z"');

-- Table: "students_archive"
CREATE TABLE "students_archive" (
  "id" integer DEFAULT nextval('students_archive_id_seq'::regclass) NOT NULL,
  "original_id" integer,
  "enrollment_id" integer,
  "section_id" integer,
  "gmail_address" character varying(100),
  "school_year" character varying(20),
  "lrn" character varying(50),
  "grade_level" character varying(20),
  "first_name" character varying(50),
  "middle_name" character varying(50),
  "last_name" character varying(50),
  "ext_name" character varying(10),
  "birthday" date,
  "age" integer,
  "sex" character varying(10),
  "religion" character varying(50),
  "current_address" text,
  "ip_community" character varying(100),
  "ip_community_specify" character varying(100),
  "pwd" character varying(20),
  "pwd_specify" character varying(100),
  "father_name" character varying(100),
  "mother_name" character varying(100),
  "guardian_name" character varying(100),
  "contact_number" character varying(20),
  "enrollment_date" timestamp without time zone,
  "enrollment_status" character varying(20),
  "is_archived" boolean DEFAULT true,
  "created_at" timestamp without time zone,
  "updated_at" timestamp without time zone,
  "archived_by" integer,
  "archived_at" timestamp without time zone DEFAULT CURRENT_TIMESTAMP,
  PRIMARY KEY ("id")
);

-- Table: "students"
CREATE TABLE "students" (
  "id" integer DEFAULT nextval('students_id_seq'::regclass) NOT NULL,
  "enrollment_id" integer,
  "section_id" integer,
  "lrn" character varying(20),
  "student_id" character varying(50),
  "last_name" character varying(100) NOT NULL,
  "first_name" character varying(100) NOT NULL,
  "middle_name" character varying(100),
  "ext_name" character varying(20),
  "birthday" date NOT NULL,
  "age" integer NOT NULL,
  "sex" character varying(10) NOT NULL,
  "religion" character varying(100),
  "gmail_address" character varying(255),
  "contact_number" character varying(20),
  "current_address" text NOT NULL,
  "ip_community" character varying(10) NOT NULL,
  "ip_community_specify" character varying(200),
  "pwd" character varying(10) NOT NULL,
  "pwd_specify" character varying(200),
  "father_name" character varying(200),
  "mother_name" character varying(200),
  "guardian_name" character varying(200),
  "school_year" character varying(20) NOT NULL,
  "grade_level" character varying(20) NOT NULL,
  "enrollment_date" date DEFAULT CURRENT_DATE,
  "enrollment_status" character varying(50) DEFAULT 'active'::character varying,
  "printed_name" character varying(200),
  "signature_image_path" character varying(500),
  "created_at" timestamp without time zone DEFAULT CURRENT_TIMESTAMP,
  "updated_at" timestamp without time zone DEFAULT CURRENT_TIMESTAMP,
  "is_archived" boolean DEFAULT false,
  "barangay" character varying(100),
  "is_deleted" boolean DEFAULT false,
  "managed_by" character varying(50) DEFAULT 'registrar'::character varying,
  "deleted_at" timestamp without time zone,
  "deleted_by" character varying(50),
  "has_been_assigned" boolean DEFAULT false,
  "date_of_birth" date,
  "gender" character varying(20),
  "city" character varying(100),
  "province" character varying(100),
  "guardian_contact" character varying(20),
  "is_active" boolean DEFAULT true,
  PRIMARY KEY ("id")
);

INSERT INTO "students" ("id", "enrollment_id", "section_id", "lrn", "student_id", "last_name", "first_name", "middle_name", "ext_name", "birthday", "age", "sex", "religion", "gmail_address", "contact_number", "current_address", "ip_community", "ip_community_specify", "pwd", "pwd_specify", "father_name", "mother_name", "guardian_name", "school_year", "grade_level", "enrollment_date", "enrollment_status", "printed_name", "signature_image_path", "created_at", "updated_at", "is_archived", "barangay", "is_deleted", "managed_by", "deleted_at", "deleted_by", "has_been_assigned", "date_of_birth", "gender", "city", "province", "guardian_contact", "is_active") VALUES
(30, 31, 1, '4444444', NULL, '22', '22', '22', NULL, '"2025-11-30T16:00:00.000Z"', 1, 'Male', '22', 'jamezbello93@gmail.com', '09433452476', 'Mainaga', 'No', NULL, 'No', NULL, '22', '22', '222', '2025 - 2026', 'Grade 5', '"2025-11-30T16:00:00.000Z"', 'active', NULL, NULL, '"2025-12-01T06:28:38.469Z"', '"2025-12-01T06:28:38.469Z"', false, NULL, false, 'registrar', NULL, NULL, true, NULL, NULL, NULL, NULL, NULL, true);

-- Table: "student_behavior_reports_archive"
CREATE TABLE "student_behavior_reports_archive" (
  "id" integer DEFAULT nextval('student_behavior_reports_archive_id_seq'::regclass) NOT NULL,
  "original_id" integer,
  "student_id" integer,
  "section_id" integer,
  "teacher_id" integer,
  "report_date" date,
  "category" character varying(255),
  "severity" character varying(50),
  "notes" text,
  "archived_by" integer,
  "archived_at" timestamp without time zone DEFAULT CURRENT_TIMESTAMP,
  PRIMARY KEY ("id")
);

-- Table: "student_behavior_reports"
CREATE TABLE "student_behavior_reports" (
  "id" integer DEFAULT nextval('student_behavior_reports_id_seq'::regclass) NOT NULL,
  "student_id" integer NOT NULL,
  "section_id" integer,
  "teacher_id" integer,
  "report_date" date DEFAULT CURRENT_DATE,
  "category" character varying(100) NOT NULL,
  "severity" character varying(20) NOT NULL,
  "notes" text,
  "created_at" timestamp without time zone DEFAULT CURRENT_TIMESTAMP,
  PRIMARY KEY ("id")
);

-- Table: "snapshot_students"
CREATE TABLE "snapshot_students" (
  "id" integer DEFAULT nextval('snapshot_students_id_seq'::regclass) NOT NULL,
  "group_id" integer,
  "student_name" text NOT NULL,
  "section_level" text,
  "barangay" text,
  "adviser_name" text,
  "created_at" timestamp without time zone DEFAULT CURRENT_TIMESTAMP,
  PRIMARY KEY ("id")
);

INSERT INTO "snapshot_students" ("id", "group_id", "student_name", "section_level", "barangay", "adviser_name", "created_at") VALUES
(4558, 65, 'Joshua Torres', 'Grade 7', 'Mainaga', NULL, '"2025-11-29T10:56:29.761Z"'),
(4559, 65, 'Ella Santos', 'Non-Grade', 'San Francisco', NULL, '"2025-11-29T10:56:29.761Z"'),
(4560, 65, 'John Garcia', 'Grade 8', 'Mainaga', NULL, '"2025-11-29T10:56:29.761Z"'),
(4561, 65, 'Miguel Dela Cruz', 'Non-Grade', 'Others', NULL, '"2025-11-29T10:56:29.761Z"'),
(4562, 65, 'James Aquino', 'Grade 9', 'Calamias', NULL, '"2025-11-29T10:56:29.761Z"'),
(4563, 65, 'Joshua Bello', 'Grade 8', 'Mainaga', NULL, '"2025-11-29T10:56:29.761Z"'),
(4564, 65, 'John Dela Cruz', 'Grade 9', 'Mainaga', NULL, '"2025-11-29T10:56:29.761Z"'),
(4565, 65, 'Sofia Torres', 'Grade 9', 'Mainaga', NULL, '"2025-11-29T10:56:29.761Z"'),
(4566, 65, 'John Dela Cruz', 'Grade 2', 'San Francisco', NULL, '"2025-11-29T10:56:29.761Z"'),
(4567, 65, 'Julia Villanueva', 'Grade 9', 'Mainaga', NULL, '"2025-11-29T10:56:29.761Z"'),
(4568, 65, 'Grace Ramos', 'Grade 9', 'San Francisco', NULL, '"2025-11-29T10:56:29.761Z"'),
(4569, 65, 'John Ramos', 'Grade 6', 'Mainaga', NULL, '"2025-11-29T10:56:29.761Z"'),
(4570, 65, 'James Reyes', 'Kinder', 'Calamias', NULL, '"2025-11-29T10:56:29.761Z"'),
(4571, 65, 'Ella Ramos', 'Grade 9', 'Mainaga', NULL, '"2025-11-29T10:56:29.761Z"'),
(4572, 65, 'Lara Bello', 'Kinder', 'Mainaga', NULL, '"2025-11-29T10:56:29.761Z"'),
(4573, 65, 'Grace Santos', 'Non-Grade', 'Others', NULL, '"2025-11-29T10:56:29.761Z"'),
(4574, 65, 'Grace Cruz', 'Grade 2', 'San Francisco', NULL, '"2025-11-29T10:56:29.761Z"'),
(4575, 65, 'Ella Aquino', 'Kinder', 'Mainaga', NULL, '"2025-11-29T10:56:29.761Z"'),
(4576, 65, 'Sofia Cruz', 'Grade 8', 'Mainaga', NULL, '"2025-11-29T10:56:29.761Z"'),
(4577, 65, 'Maria Cruz', 'Grade 5', 'San Francisco', NULL, '"2025-11-29T10:56:29.761Z"'),
(4578, 65, 'Miguel Torres', 'Grade 3', 'Others', NULL, '"2025-11-29T10:56:29.761Z"'),
(4579, 65, 'Grace Aquino', 'Grade 3', 'Mainaga', NULL, '"2025-11-29T10:56:29.761Z"'),
(4580, 65, 'Lara Dela Cruz', 'Grade 3', 'Mainaga', NULL, '"2025-11-29T10:56:29.761Z"'),
(4581, 65, 'Joshua Dela Cruz', 'Grade 8', 'Mainaga', NULL, '"2025-11-29T10:56:29.761Z"'),
(4582, 65, 'Lara Cruz', 'Grade 9', 'Mainaga', NULL, '"2025-11-29T10:56:29.761Z"'),
(4583, 65, 'Sofia Garcia', 'Grade 3', 'Calamias', NULL, '"2025-11-29T10:56:29.761Z"'),
(4584, 65, 'Carlos Villanueva', 'Non-Grade', 'San Francisco', NULL, '"2025-11-29T10:56:29.761Z"'),
(4585, 65, 'David Flores', 'Grade 9', 'San Francisco', NULL, '"2025-11-29T10:56:29.761Z"'),
(4586, 65, 'David Villanueva', 'Kinder', 'Mainaga', NULL, '"2025-11-29T10:56:29.761Z"'),
(4587, 65, 'John Mendoza', 'Grade 2', 'Mainaga', NULL, '"2025-11-29T10:56:29.761Z"'),
(4588, 65, 'Carlos Ramos', 'Grade 5', 'San Francisco', NULL, '"2025-11-29T10:56:29.761Z"'),
(4589, 65, 'Mark Villanueva', 'Grade 9', 'Mainaga', NULL, '"2025-11-29T10:56:29.761Z"'),
(4590, 65, 'Joshua Dela Cruz', 'Grade 6', 'San Francisco', NULL, '"2025-11-29T10:56:29.761Z"'),
(4591, 65, 'Grace Garcia', 'Kinder', 'Others', NULL, '"2025-11-29T10:56:29.761Z"'),
(4592, 65, 'Ana Reyes', 'Grade 7', 'Others', NULL, '"2025-11-29T10:56:29.761Z"'),
(4593, 65, 'James Reyes', 'Non-Grade', 'Calamias', NULL, '"2025-11-29T10:56:29.761Z"'),
(4594, 65, 'David Dela Cruz', 'Grade 1', 'Calamias', NULL, '"2025-11-29T10:56:29.761Z"'),
(4595, 65, 'Mary Dela Cruz', 'Grade 4', 'Mainaga', NULL, '"2025-11-29T10:56:29.761Z"'),
(4596, 65, 'Ana Dela Cruz', 'Grade 1', 'Mainaga', NULL, '"2025-11-29T10:56:29.761Z"'),
(4597, 65, 'Joshua Mendoza', 'Grade 9', 'Others', NULL, '"2025-11-29T10:56:29.761Z"'),
(4598, 65, 'James Santos', 'Grade 9', 'Mainaga', NULL, '"2025-11-29T10:56:29.761Z"'),
(4599, 65, 'James Torres', 'Grade 6', 'Others', NULL, '"2025-11-29T10:56:29.761Z"'),
(4600, 65, 'Carlos Cruz', 'Grade 2', 'Mainaga', NULL, '"2025-11-29T10:56:29.761Z"'),
(4601, 65, 'Sofia Garcia', 'Grade 4', 'Mainaga', NULL, '"2025-11-29T10:56:29.761Z"'),
(4602, 65, 'Mary Flores', 'Grade 1', 'Mainaga', NULL, '"2025-11-29T10:56:29.761Z"'),
(4603, 65, 'Ella Ramos', 'Non-Grade', 'Mainaga', NULL, '"2025-11-29T10:56:29.761Z"'),
(4604, 65, 'Carlos Ramos', 'Grade 9', 'San Francisco', NULL, '"2025-11-29T10:56:29.761Z"'),
(4605, 65, 'Ella Garcia', 'Grade 1', 'Others', NULL, '"2025-11-29T10:56:29.761Z"'),
(4606, 65, 'Lara Santos', 'Grade 9', 'Mainaga', NULL, '"2025-11-29T10:56:29.761Z"'),
(4607, 65, 'Lara Ramos', 'Grade 4', 'Mainaga', NULL, '"2025-11-29T10:56:29.761Z"'),
(4608, 65, 'Maria Garcia', 'Grade 8', 'San Francisco', NULL, '"2025-11-29T10:56:29.761Z"'),
(4609, 65, 'Ella Torres', 'Grade 4', 'San Francisco', NULL, '"2025-11-29T10:56:29.761Z"'),
(4610, 65, 'Ella Mendoza', 'Grade 2', 'Mainaga', NULL, '"2025-11-29T10:56:29.761Z"'),
(4611, 65, 'Ella Bello', 'Grade 4', 'Others', NULL, '"2025-11-29T10:56:29.761Z"'),
(4612, 65, 'Maria Aquino', 'Grade 5', 'Others', NULL, '"2025-11-29T10:56:29.761Z"'),
(4613, 65, 'James Cruz', 'Grade 3', 'Mainaga', NULL, '"2025-11-29T10:56:29.761Z"'),
(4614, 65, 'Grace Cruz', 'Grade 6', 'Others', NULL, '"2025-11-29T10:56:29.761Z"'),
(4615, 65, 'James Reyes', 'Grade 7', 'Mainaga', NULL, '"2025-11-29T10:56:29.761Z"'),
(4616, 65, 'Mary Aquino', 'Grade 3', 'Others', NULL, '"2025-11-29T10:56:29.761Z"'),
(4617, 65, 'Grace Villanueva', 'Grade 9', 'San Francisco', NULL, '"2025-11-29T10:56:29.761Z"'),
(4618, 65, 'Maria Santos', 'Kinder', 'Mainaga', NULL, '"2025-11-29T10:56:29.761Z"'),
(4619, 65, 'Carlos Bello', 'Grade 6', 'San Francisco', NULL, '"2025-11-29T10:56:29.761Z"'),
(4620, 65, 'Maria Villanueva', 'Grade 6', 'Mainaga', NULL, '"2025-11-29T10:56:29.761Z"'),
(4621, 65, 'Sofia Garcia', 'Grade 8', 'Calamias', NULL, '"2025-11-29T10:56:29.761Z"'),
(4622, 65, 'Ella Mendoza', 'Grade 3', 'Mainaga', NULL, '"2025-11-29T10:56:29.761Z"'),
(4623, 65, 'Ella Cruz', 'Grade 7', 'Mainaga', NULL, '"2025-11-29T10:56:29.761Z"'),
(4624, 65, 'Mary Reyes', 'Grade 5', 'San Francisco', NULL, '"2025-11-29T10:56:29.761Z"'),
(4625, 65, 'Miguel Villanueva', 'Grade 7', 'San Francisco', NULL, '"2025-11-29T10:56:29.761Z"'),
(4626, 65, 'Mark Villanueva', 'Grade 1', 'Others', NULL, '"2025-11-29T10:56:29.761Z"'),
(4627, 65, 'Ana Dela Cruz', 'Grade 4', 'Mainaga', NULL, '"2025-11-29T10:56:29.761Z"'),
(4628, 65, 'Miguel Dela Cruz', 'Grade 6', 'Mainaga', NULL, '"2025-11-29T10:56:29.761Z"'),
(4629, 65, 'John Santos', 'Kinder', 'Mainaga', NULL, '"2025-11-29T10:56:29.761Z"'),
(4630, 65, 'Daniel Flores', 'Grade 3', 'Calamias', NULL, '"2025-11-29T10:56:29.761Z"'),
(4631, 65, 'John Dela Cruz', 'Grade 4', 'Calamias', NULL, '"2025-11-29T10:56:29.761Z"'),
(4632, 65, 'David Ramos', 'Grade 4', 'Mainaga', NULL, '"2025-11-29T10:56:29.761Z"'),
(4633, 65, 'James Aquino', 'Grade 6', 'Others', NULL, '"2025-11-29T10:56:29.761Z"'),
(4634, 65, 'Joshua Dela Cruz', 'Grade 7', 'San Francisco', NULL, '"2025-11-29T10:56:29.761Z"'),
(4635, 65, 'Carlos Garcia', 'Grade 2', 'Mainaga', NULL, '"2025-11-29T10:56:29.761Z"'),
(4636, 65, 'Mary Garcia', 'Grade 4', 'Mainaga', NULL, '"2025-11-29T10:56:29.761Z"'),
(4637, 65, 'Carlos Dela Cruz', 'Grade 4', 'Mainaga', NULL, '"2025-11-29T10:56:29.761Z"'),
(4638, 65, 'Joshua Villanueva', 'Grade 3', 'San Francisco', NULL, '"2025-11-29T10:56:29.761Z"'),
(4639, 65, 'Julia Dela Cruz', 'Grade 3', 'Mainaga', NULL, '"2025-11-29T10:56:29.761Z"'),
(4640, 65, 'Lara Bello', 'Grade 1', 'Calamias', NULL, '"2025-11-29T10:56:29.761Z"'),
(4641, 65, 'Ana Reyes', 'Grade 1', 'San Francisco', NULL, '"2025-11-29T10:56:29.761Z"'),
(4642, 65, 'Ella Bello', 'Grade 4', 'San Francisco', NULL, '"2025-11-29T10:56:29.761Z"'),
(4643, 65, 'David Garcia', 'Grade 2', 'Calamias', NULL, '"2025-11-29T10:56:29.761Z"'),
(4644, 65, 'Grace Ramos', 'Grade 5', 'Calamias', NULL, '"2025-11-29T10:56:29.761Z"'),
(4645, 65, 'Ana Aquino', 'Grade 2', 'San Francisco', NULL, '"2025-11-29T10:56:29.761Z"'),
(4646, 65, 'Lara Villanueva', 'Grade 9', 'Mainaga', NULL, '"2025-11-29T10:56:29.761Z"'),
(4647, 65, 'Mary Cruz', 'Non-Grade', 'Mainaga', NULL, '"2025-11-29T10:56:29.761Z"'),
(4648, 65, 'Mary Reyes', 'Grade 6', 'Calamias', NULL, '"2025-11-29T10:56:29.761Z"'),
(4649, 65, 'Mark Flores', 'Grade 3', 'San Francisco', NULL, '"2025-11-29T10:56:29.761Z"'),
(4650, 65, 'Joshua Mendoza', 'Grade 4', 'Calamias', NULL, '"2025-11-29T10:56:29.761Z"'),
(4651, 65, 'John Ramos', 'Grade 4', 'Calamias', NULL, '"2025-11-29T10:56:29.761Z"'),
(4652, 65, 'David Cruz', 'Grade 3', 'Mainaga', NULL, '"2025-11-29T10:56:29.761Z"'),
(4653, 65, 'David Villanueva', 'Grade 9', 'Others', NULL, '"2025-11-29T10:56:29.761Z"'),
(4654, 65, 'Joshua Bello', 'Grade 2', 'Mainaga', NULL, '"2025-11-29T10:56:29.761Z"'),
(4655, 65, 'David Torres', 'Grade 5', 'Calamias', NULL, '"2025-11-29T10:56:29.761Z"'),
(4656, 65, 'Miguel Villanueva', 'Grade 9', 'Mainaga', NULL, '"2025-11-29T10:56:29.761Z"'),
(4657, 65, 'Daniel Flores', 'Grade 1', 'Calamias', NULL, '"2025-11-29T10:56:29.761Z"'),
(4658, 65, 'David Bello', 'Grade 3', 'Mainaga', NULL, '"2025-11-29T10:56:29.761Z"'),
(4659, 65, 'Miguel Reyes', 'Non-Grade', 'Calamias', NULL, '"2025-11-29T10:56:29.761Z"'),
(4660, 65, 'Grace Cruz', 'Grade 8', 'San Francisco', NULL, '"2025-11-29T10:56:29.761Z"'),
(4661, 65, 'Maria Santos', 'Grade 1', 'Mainaga', NULL, '"2025-11-29T10:56:29.761Z"'),
(4662, 65, 'Sofia Torres', 'Grade 5', 'Mainaga', NULL, '"2025-11-29T10:56:29.761Z"'),
(4663, 65, 'Carlos Dela Cruz', 'Grade 5', 'Mainaga', NULL, '"2025-11-29T10:56:29.761Z"'),
(4664, 65, 'Ella Aquino', 'Grade 3', 'Calamias', NULL, '"2025-11-29T10:56:29.761Z"'),
(4665, 65, 'Ella Dela Cruz', 'Kinder', 'Mainaga', NULL, '"2025-11-29T10:56:29.761Z"'),
(4666, 65, 'Miguel Aquino', 'Grade 5', 'Mainaga', NULL, '"2025-11-29T10:56:29.761Z"'),
(4667, 65, 'Miguel Mendoza', 'Grade 9', 'Mainaga', NULL, '"2025-11-29T10:56:29.761Z"'),
(4668, 65, 'James Santos', 'Grade 3', 'Calamias', NULL, '"2025-11-29T10:56:29.761Z"'),
(4669, 65, 'John Garcia', 'Grade 3', 'Mainaga', NULL, '"2025-11-29T10:56:29.761Z"'),
(4670, 65, 'Mary Dela Cruz', 'Grade 9', 'Calamias', NULL, '"2025-11-29T10:56:29.761Z"'),
(4671, 65, 'Daniel Ramos', 'Non-Grade', 'Others', NULL, '"2025-11-29T10:56:29.761Z"'),
(4672, 65, 'John Villanueva', 'Grade 8', 'Mainaga', NULL, '"2025-11-29T10:56:29.761Z"'),
(4673, 65, 'Mark Dela Cruz', 'Grade 2', 'Mainaga', NULL, '"2025-11-29T10:56:29.761Z"'),
(4674, 65, 'Joshua Reyes', 'Grade 2', 'Mainaga', NULL, '"2025-11-29T10:56:29.761Z"'),
(4675, 65, 'James Santos', 'Grade 9', 'Mainaga', NULL, '"2025-11-29T10:56:29.761Z"'),
(4676, 65, 'Lara Cruz', 'Grade 7', 'Mainaga', NULL, '"2025-11-29T10:56:29.761Z"'),
(4677, 65, 'Ana Cruz', 'Grade 4', 'San Francisco', NULL, '"2025-11-29T10:56:29.761Z"'),
(4678, 65, 'Mark Aquino', 'Grade 9', 'Calamias', NULL, '"2025-11-29T10:56:29.761Z"'),
(4679, 65, 'Miguel Garcia', 'Grade 3', 'Calamias', NULL, '"2025-11-29T10:56:29.761Z"'),
(4680, 65, 'Grace Aquino', 'Grade 6', 'Mainaga', NULL, '"2025-11-29T10:56:29.761Z"'),
(4681, 65, 'Carlos Cruz', 'Grade 9', 'Mainaga', NULL, '"2025-11-29T10:56:29.761Z"'),
(4682, 65, 'Miguel Dela Cruz', 'Kinder', 'San Francisco', NULL, '"2025-11-29T10:56:29.761Z"'),
(4683, 65, 'Daniel Aquino', 'Grade 1', 'Mainaga', NULL, '"2025-11-29T10:56:29.761Z"'),
(4684, 65, 'David Garcia', 'Grade 9', 'San Francisco', NULL, '"2025-11-29T10:56:29.761Z"'),
(4685, 65, 'Daniel Garcia', 'Grade 7', 'Mainaga', NULL, '"2025-11-29T10:56:29.761Z"'),
(4686, 65, 'James Reyes', 'Grade 2', 'San Francisco', NULL, '"2025-11-29T10:56:29.761Z"'),
(4687, 65, 'Grace Reyes', 'Grade 7', 'Calamias', NULL, '"2025-11-29T10:56:29.761Z"'),
(4688, 65, 'Miguel Villanueva', 'Grade 5', 'Mainaga', NULL, '"2025-11-29T10:56:29.761Z"'),
(4689, 65, 'Grace Reyes', 'Non-Grade', 'Mainaga', NULL, '"2025-11-29T10:56:29.761Z"'),
(4690, 65, 'Carlos Bello', 'Grade 9', 'Calamias', NULL, '"2025-11-29T10:56:29.761Z"'),
(4691, 65, 'Miguel Flores', 'Grade 7', 'San Francisco', NULL, '"2025-11-29T10:56:29.761Z"'),
(4692, 65, 'John Ramos', 'Grade 4', 'San Francisco', NULL, '"2025-11-29T10:56:29.761Z"'),
(4693, 65, 'Daniel Bello', 'Grade 4', 'Mainaga', NULL, '"2025-11-29T10:56:29.761Z"'),
(4694, 65, 'Lara Reyes', 'Kinder', 'Calamias', NULL, '"2025-11-29T10:56:29.761Z"'),
(4695, 65, 'Mary Flores', 'Grade 8', 'Mainaga', NULL, '"2025-11-29T10:56:29.761Z"'),
(4696, 65, 'Mary Dela Cruz', 'Grade 5', 'Mainaga', NULL, '"2025-11-29T10:56:29.761Z"'),
(4697, 65, 'Joshua Aquino', 'Kinder', 'San Francisco', NULL, '"2025-11-29T10:56:29.761Z"'),
(4698, 65, 'John Reyes', 'Grade 7', 'Mainaga', NULL, '"2025-11-29T10:56:29.761Z"'),
(4699, 65, 'Ella Mendoza', 'Grade 7', 'Mainaga', NULL, '"2025-11-29T10:56:29.761Z"'),
(4700, 65, 'Mark Ramos', 'Non-Grade', 'San Francisco', NULL, '"2025-11-29T10:56:29.761Z"'),
(4701, 65, 'Sofia Garcia', 'Grade 4', 'Mainaga', NULL, '"2025-11-29T10:56:29.761Z"'),
(4702, 65, 'David Garcia', 'Non-Grade', 'Mainaga', NULL, '"2025-11-29T10:56:29.761Z"'),
(4703, 65, 'Miguel Villanueva', 'Kinder', 'Mainaga', NULL, '"2025-11-29T10:56:29.761Z"'),
(4704, 65, 'Miguel Garcia', 'Grade 6', 'Mainaga', NULL, '"2025-11-29T10:56:29.761Z"'),
(4705, 65, 'James Santos', 'Grade 7', 'Others', NULL, '"2025-11-29T10:56:29.761Z"'),
(4706, 65, 'Mary Ramos', 'Grade 6', 'Mainaga', NULL, '"2025-11-29T10:56:29.761Z"'),
(4707, 65, 'David Garcia', 'Kinder', 'Mainaga', NULL, '"2025-11-29T10:56:29.761Z"'),
(4708, 65, 'Daniel Dela Cruz', 'Non-Grade', 'San Francisco', NULL, '"2025-11-29T10:56:29.761Z"'),
(4709, 65, 'Miguel Reyes', 'Non-Grade', 'Others', NULL, '"2025-11-29T10:56:29.761Z"'),
(4710, 65, 'Carlos Cruz', 'Grade 4', 'Mainaga', NULL, '"2025-11-29T10:56:29.761Z"'),
(4711, 65, 'Julia Mendoza', 'Grade 7', 'Mainaga', NULL, '"2025-11-29T10:56:29.761Z"'),
(4712, 65, 'Ana Mendoza', 'Grade 8', 'San Francisco', NULL, '"2025-11-29T10:56:29.761Z"'),
(4713, 65, 'Julia Bello', 'Grade 7', 'San Francisco', NULL, '"2025-11-29T10:56:29.761Z"'),
(4714, 65, 'John Bello', 'Grade 8', 'Calamias', NULL, '"2025-11-29T10:56:29.761Z"'),
(4715, 65, 'Daniel Garcia', 'Grade 7', 'Mainaga', NULL, '"2025-11-29T10:56:29.761Z"'),
(4716, 65, 'Sofia Villanueva', 'Kinder', 'Mainaga', NULL, '"2025-11-29T10:56:29.761Z"'),
(4717, 65, 'Daniel Cruz', 'Grade 4', 'Others', NULL, '"2025-11-29T10:56:29.761Z"'),
(4718, 65, 'Carlos Aquino', 'Non-Grade', 'Mainaga', NULL, '"2025-11-29T10:56:29.761Z"'),
(4719, 65, 'Ana Santos', 'Kinder', 'San Francisco', NULL, '"2025-11-29T10:56:29.761Z"'),
(4720, 65, 'Sofia Reyes', 'Grade 7', 'Mainaga', NULL, '"2025-11-29T10:56:29.761Z"'),
(4721, 65, 'David Reyes', 'Grade 3', 'Mainaga', NULL, '"2025-11-29T10:56:29.761Z"'),
(4722, 65, 'Ana Villanueva', 'Grade 4', 'Mainaga', NULL, '"2025-11-29T10:56:29.761Z"'),
(4723, 65, 'Mark Dela Cruz', 'Grade 9', 'Calamias', NULL, '"2025-11-29T10:56:29.761Z"'),
(4724, 65, 'John Flores', 'Non-Grade', 'San Francisco', NULL, '"2025-11-29T10:56:29.761Z"'),
(4725, 65, 'David Villanueva', 'Non-Grade', 'Others', NULL, '"2025-11-29T10:56:29.761Z"'),
(4726, 65, 'Ella Dela Cruz', 'Grade 4', 'Mainaga', NULL, '"2025-11-29T10:56:29.761Z"'),
(4727, 65, 'Daniel Dela Cruz', 'Grade 6', 'Mainaga', NULL, '"2025-11-29T10:56:29.761Z"'),
(4728, 65, 'Grace Ramos', 'Grade 5', 'Mainaga', NULL, '"2025-11-29T10:56:29.761Z"'),
(4729, 65, 'Joshua Aquino', 'Kinder', 'San Francisco', NULL, '"2025-11-29T10:56:29.761Z"'),
(4730, 65, 'Lara Aquino', 'Grade 1', 'Mainaga', NULL, '"2025-11-29T10:56:29.761Z"'),
(4731, 65, 'Maria Mendoza', 'Grade 3', 'Mainaga', NULL, '"2025-11-29T10:56:29.761Z"'),
(4732, 65, 'Ana Aquino', 'Grade 4', 'Mainaga', NULL, '"2025-11-29T10:56:29.761Z"'),
(4733, 65, 'Grace Bello', 'Grade 7', 'Mainaga', NULL, '"2025-11-29T10:56:29.761Z"'),
(4734, 65, 'Carlos Flores', 'Grade 5', 'San Francisco', NULL, '"2025-11-29T10:56:29.761Z"'),
(4735, 65, 'Miguel Torres', 'Non-Grade', 'Mainaga', NULL, '"2025-11-29T10:56:29.761Z"'),
(4736, 65, 'Miguel Reyes', 'Grade 2', 'Mainaga', NULL, '"2025-11-29T10:56:29.761Z"'),
(4737, 65, 'Mary Villanueva', 'Grade 2', 'Mainaga', NULL, '"2025-11-29T10:56:29.761Z"'),
(4738, 65, 'Grace Aquino', 'Grade 5', 'Mainaga', NULL, '"2025-11-29T10:56:29.761Z"'),
(4739, 65, 'Joshua Flores', 'Grade 8', 'Calamias', NULL, '"2025-11-29T10:56:29.761Z"'),
(4740, 65, 'Sofia Cruz', 'Grade 9', 'Others', NULL, '"2025-11-29T10:56:29.761Z"'),
(4741, 65, 'David Aquino', 'Grade 7', 'San Francisco', NULL, '"2025-11-29T10:56:29.761Z"'),
(4742, 65, 'Grace Reyes', 'Grade 8', 'Mainaga', NULL, '"2025-11-29T10:56:29.761Z"'),
(4743, 65, 'James Torres', 'Grade 9', 'Mainaga', NULL, '"2025-11-29T10:56:29.761Z"'),
(4744, 65, 'Carlos Dela Cruz', 'Grade 5', 'Mainaga', NULL, '"2025-11-29T10:56:29.761Z"'),
(4745, 65, 'James Bello', 'Grade 7', 'Others', NULL, '"2025-11-29T10:56:29.761Z"'),
(4746, 65, 'John Villanueva', 'Grade 5', 'Calamias', NULL, '"2025-11-29T10:56:29.761Z"'),
(4747, 65, 'James Flores', 'Non-Grade', 'Mainaga', NULL, '"2025-11-29T10:56:29.761Z"'),
(4748, 65, 'Joshua Garcia', 'Grade 5', 'Mainaga', NULL, '"2025-11-29T10:56:29.761Z"'),
(4749, 65, 'Mary Aquino', 'Grade 9', 'Calamias', NULL, '"2025-11-29T10:56:29.761Z"'),
(4750, 65, 'Ana Reyes', 'Grade 5', 'Mainaga', NULL, '"2025-11-29T10:56:29.761Z"'),
(4751, 65, 'Ella Villanueva', 'Grade 5', 'Calamias', NULL, '"2025-11-29T10:56:29.761Z"'),
(4752, 65, 'Lara Mendoza', 'Kinder', 'Mainaga', NULL, '"2025-11-29T10:56:29.761Z"'),
(4753, 65, 'Miguel Cruz', 'Grade 9', 'Mainaga', NULL, '"2025-11-29T10:56:29.761Z"'),
(4754, 65, 'Daniel Cruz', 'Grade 3', 'Mainaga', NULL, '"2025-11-29T10:56:29.761Z"'),
(4755, 65, 'Mary Santos', 'Grade 5', 'San Francisco', NULL, '"2025-11-29T10:56:29.761Z"'),
(4756, 65, 'Ella Reyes', 'Grade 1', 'San Francisco', NULL, '"2025-11-29T10:56:29.761Z"'),
(4757, 65, 'James Mendoza', 'Grade 5', 'Mainaga', NULL, '"2025-11-29T10:56:29.761Z"'),
(4758, 65, 'Mary Mendoza', 'Grade 7', 'San Francisco', NULL, '"2025-11-29T10:56:29.761Z"'),
(4759, 65, 'Grace Santos', 'Grade 6', 'Calamias', NULL, '"2025-11-29T10:56:29.761Z"'),
(4760, 65, 'Mary Santos', 'Grade 9', 'San Francisco', NULL, '"2025-11-29T10:56:29.761Z"'),
(4761, 65, 'Carlos Bello', 'Grade 7', 'Mainaga', NULL, '"2025-11-29T10:56:29.761Z"'),
(4762, 65, 'Maria Bello', 'Grade 9', 'Calamias', NULL, '"2025-11-29T10:56:29.761Z"'),
(4763, 65, 'Sofia Dela Cruz', 'Grade 5', 'Mainaga', NULL, '"2025-11-29T10:56:29.761Z"'),
(4764, 65, 'Mary Cruz', 'Grade 7', 'Mainaga', NULL, '"2025-11-29T10:56:29.761Z"'),
(4765, 65, 'Ana Garcia', 'Grade 2', 'Mainaga', NULL, '"2025-11-29T10:56:29.761Z"'),
(4766, 65, 'Carlos Ramos', 'Grade 4', 'San Francisco', NULL, '"2025-11-29T10:56:29.761Z"'),
(4767, 65, 'Maria Santos', 'Grade 8', 'Calamias', NULL, '"2025-11-29T10:56:29.761Z"'),
(4768, 65, 'Joshua Bello', 'Grade 4', 'Mainaga', NULL, '"2025-11-29T10:56:29.761Z"'),
(4769, 65, 'Lara Dela Cruz', 'Grade 1', 'San Francisco', NULL, '"2025-11-29T10:56:29.761Z"'),
(4770, 65, 'Miguel Reyes', 'Grade 2', 'Mainaga', NULL, '"2025-11-29T10:56:29.761Z"'),
(4771, 65, 'Mary Cruz', 'Grade 8', 'San Francisco', NULL, '"2025-11-29T10:56:29.761Z"'),
(4772, 65, 'Daniel Aquino', 'Grade 5', 'Mainaga', NULL, '"2025-11-29T10:56:29.761Z"'),
(4773, 65, 'Miguel Ramos', 'Grade 1', 'San Francisco', NULL, '"2025-11-29T10:56:29.761Z"'),
(4774, 65, 'Carlos Torres', 'Grade 8', 'Calamias', NULL, '"2025-11-29T10:56:29.761Z"'),
(4775, 65, 'David Dela Cruz', 'Grade 1', 'San Francisco', NULL, '"2025-11-29T10:56:29.761Z"'),
(4776, 65, 'Ana Santos', 'Grade 1', 'Mainaga', NULL, '"2025-11-29T10:56:29.761Z"'),
(4777, 65, 'Carlos Santos', 'Grade 8', 'Mainaga', NULL, '"2025-11-29T10:56:29.761Z"'),
(4778, 65, 'Julia Reyes', 'Grade 7', 'Calamias', NULL, '"2025-11-29T10:56:29.761Z"'),
(4779, 65, 'Lara Cruz', 'Grade 5', 'San Francisco', NULL, '"2025-11-29T10:56:29.761Z"'),
(4780, 65, 'Miguel Villanueva', 'Grade 4', 'Others', NULL, '"2025-11-29T10:56:29.761Z"'),
(4781, 65, 'Grace Torres', 'Grade 2', 'Mainaga', NULL, '"2025-11-29T10:56:29.761Z"'),
(4782, 65, 'Ana Bello', 'Grade 6', 'Mainaga', NULL, '"2025-11-29T10:56:29.761Z"'),
(4783, 65, 'Julia Torres', 'Grade 8', 'Others', NULL, '"2025-11-29T10:56:29.761Z"'),
(4784, 65, 'Carlos Reyes', 'Grade 3', 'Mainaga', NULL, '"2025-11-29T10:56:29.761Z"'),
(4785, 65, 'Ana Santos', 'Grade 2', 'San Francisco', NULL, '"2025-11-29T10:56:29.761Z"'),
(4786, 65, 'Joshua Flores', 'Grade 8', 'San Francisco', NULL, '"2025-11-29T10:56:29.761Z"'),
(4787, 65, 'Grace Flores', 'Grade 7', 'Calamias', NULL, '"2025-11-29T10:56:29.761Z"'),
(4788, 65, 'Ella Santos', 'Grade 2', 'Mainaga', NULL, '"2025-11-29T10:56:29.761Z"'),
(4789, 65, 'James Reyes', 'Kinder', 'Others', NULL, '"2025-11-29T10:56:29.761Z"'),
(4790, 65, 'Joshua Reyes', 'Grade 1', 'Calamias', NULL, '"2025-11-29T10:56:29.761Z"'),
(4791, 65, 'Julia Reyes', 'Kinder', 'Mainaga', NULL, '"2025-11-29T10:56:29.761Z"'),
(4792, 65, 'Maria Garcia', 'Grade 1', 'Mainaga', NULL, '"2025-11-29T10:56:29.761Z"'),
(4793, 65, 'Mark Flores', 'Grade 5', 'Mainaga', NULL, '"2025-11-29T10:56:29.761Z"'),
(4794, 65, 'Julia Aquino', 'Grade 2', 'Mainaga', NULL, '"2025-11-29T10:56:29.761Z"'),
(4795, 65, 'Mark Flores', 'Grade 1', 'San Francisco', NULL, '"2025-11-29T10:56:29.761Z"'),
(4796, 65, 'Sofia Reyes', 'Grade 2', 'Others', NULL, '"2025-11-29T10:56:29.761Z"'),
(4797, 65, 'Sofia Aquino', 'Grade 7', 'San Francisco', NULL, '"2025-11-29T10:56:29.761Z"'),
(4798, 65, 'Maria Garcia', 'Grade 1', 'San Francisco', NULL, '"2025-11-29T10:56:29.761Z"'),
(4799, 65, 'Carlos Torres', 'Non-Grade', 'Others', NULL, '"2025-11-29T10:56:29.761Z"'),
(4800, 65, 'Carlos Dela Cruz', 'Grade 9', 'Calamias', NULL, '"2025-11-29T10:56:29.761Z"'),
(4801, 65, 'Daniel Santos', 'Kinder', 'Mainaga', NULL, '"2025-11-29T10:56:29.761Z"'),
(4802, 65, 'Joshua Bello', 'Grade 2', 'Others', NULL, '"2025-11-29T10:56:29.761Z"'),
(4803, 65, 'Daniel Bello', 'Grade 1', 'Mainaga', NULL, '"2025-11-29T10:56:29.761Z"'),
(4804, 65, 'Joshua Ramos', 'Grade 9', 'Mainaga', NULL, '"2025-11-29T10:56:29.761Z"'),
(4805, 65, 'David Flores', 'Non-Grade', 'Others', NULL, '"2025-11-29T10:56:29.761Z"'),
(4806, 65, 'Sofia Reyes', 'Grade 6', 'Others', NULL, '"2025-11-29T10:56:29.761Z"'),
(4807, 65, 'Grace Aquino', 'Grade 8', 'Mainaga', NULL, '"2025-11-29T10:56:29.761Z"'),
(4808, 65, 'Daniel Reyes', 'Grade 2', 'Mainaga', NULL, '"2025-11-29T10:56:29.761Z"'),
(4809, 65, 'Ella Aquino', 'Grade 5', 'Mainaga', NULL, '"2025-11-29T10:56:29.761Z"'),
(4810, 65, 'Daniel Santos', 'Grade 9', 'San Francisco', NULL, '"2025-11-29T10:56:29.761Z"'),
(4811, 65, 'Maria Mendoza', 'Grade 4', 'Calamias', NULL, '"2025-11-29T10:56:29.761Z"'),
(4812, 65, 'David Reyes', 'Grade 2', 'Mainaga', NULL, '"2025-11-29T10:56:29.761Z"'),
(4813, 65, 'David Reyes', 'Grade 7', 'Mainaga', NULL, '"2025-11-29T10:56:29.761Z"'),
(4814, 65, 'Ella Reyes', 'Grade 3', 'Mainaga', NULL, '"2025-11-29T10:56:29.761Z"'),
(4815, 65, 'Mary Dela Cruz', 'Grade 6', 'Mainaga', NULL, '"2025-11-29T10:56:29.761Z"'),
(4816, 65, 'Carlos Dela Cruz', 'Grade 5', 'San Francisco', NULL, '"2025-11-29T10:56:29.761Z"'),
(4817, 65, 'John Flores', 'Non-Grade', 'Mainaga', NULL, '"2025-11-29T10:56:29.761Z"'),
(4818, 65, 'Mark Flores', 'Grade 6', 'San Francisco', NULL, '"2025-11-29T10:56:29.761Z"'),
(4819, 65, 'Ella Aquino', 'Grade 6', 'Others', NULL, '"2025-11-29T10:56:29.761Z"'),
(4820, 65, 'Julia Villanueva', 'Grade 3', 'Mainaga', NULL, '"2025-11-29T10:56:29.761Z"'),
(4821, 65, 'Maria Bello', 'Grade 4', 'Mainaga', NULL, '"2025-11-29T10:56:29.761Z"'),
(4822, 65, 'Maria Flores', 'Grade 9', 'Calamias', NULL, '"2025-11-29T10:56:29.761Z"'),
(4823, 65, 'Ana Bello', 'Non-Grade', 'Mainaga', NULL, '"2025-11-29T10:56:29.761Z"'),
(4824, 65, 'Joshua Aquino', 'Grade 7', 'Mainaga', NULL, '"2025-11-29T10:56:29.761Z"'),
(4825, 65, 'Ella Mendoza', 'Grade 9', 'Mainaga', NULL, '"2025-11-29T10:56:29.761Z"'),
(4826, 65, 'Grace Santos', 'Grade 4', 'San Francisco', NULL, '"2025-11-29T10:56:29.761Z"'),
(4827, 65, 'Miguel Flores', 'Grade 1', 'Others', NULL, '"2025-11-29T10:56:29.761Z"'),
(4828, 65, 'Lara Flores', 'Grade 7', 'Mainaga', NULL, '"2025-11-29T10:56:29.761Z"'),
(4829, 65, 'John Dela Cruz', 'Kinder', 'Mainaga', NULL, '"2025-11-29T10:56:29.761Z"'),
(4830, 65, 'Daniel Reyes', 'Grade 7', 'Mainaga', NULL, '"2025-11-29T10:56:29.761Z"'),
(4831, 65, 'James Santos', 'Grade 9', 'San Francisco', NULL, '"2025-11-29T10:56:29.761Z"'),
(4832, 65, 'Mary Santos', 'Grade 2', 'Others', NULL, '"2025-11-29T10:56:29.761Z"'),
(4833, 65, 'John Mendoza', 'Grade 4', 'Mainaga', NULL, '"2025-11-29T10:56:29.761Z"'),
(4834, 65, 'Julia Mendoza', 'Grade 9', 'Mainaga', NULL, '"2025-11-29T10:56:29.761Z"'),
(4835, 65, 'Sofia Flores', 'Grade 4', 'Mainaga', NULL, '"2025-11-29T10:56:29.761Z"'),
(4836, 65, 'Maria Dela Cruz', 'Grade 6', 'Others', NULL, '"2025-11-29T10:56:29.761Z"'),
(4837, 65, 'Ana Ramos', 'Grade 8', 'Mainaga', NULL, '"2025-11-29T10:56:29.761Z"'),
(4838, 65, 'Joshua Santos', 'Non-Grade', 'San Francisco', NULL, '"2025-11-29T10:56:29.761Z"'),
(4839, 65, 'Lara Santos', 'Grade 6', 'San Francisco', NULL, '"2025-11-29T10:56:29.761Z"'),
(4840, 65, 'Mary Garcia', 'Kinder', 'Calamias', NULL, '"2025-11-29T10:56:29.761Z"'),
(4841, 65, 'Carlos Cruz', 'Grade 1', 'Mainaga', NULL, '"2025-11-29T10:56:29.761Z"'),
(4842, 65, 'Grace Flores', 'Kinder', 'Calamias', NULL, '"2025-11-29T10:56:29.761Z"'),
(4843, 65, 'Lara Flores', 'Grade 3', 'Mainaga', NULL, '"2025-11-29T10:56:29.761Z"'),
(4844, 65, 'Miguel Dela Cruz', 'Non-Grade', 'Others', NULL, '"2025-11-29T10:56:29.761Z"'),
(4845, 65, 'Mark Reyes', 'Grade 8', 'San Francisco', NULL, '"2025-11-29T10:56:29.761Z"'),
(4846, 65, 'Joshua Santos', 'Grade 7', 'Mainaga', NULL, '"2025-11-29T10:56:29.761Z"'),
(4847, 65, 'Mark Dela Cruz', 'Kinder', 'Mainaga', NULL, '"2025-11-29T10:56:29.761Z"'),
(4848, 65, 'Julia Ramos', 'Grade 5', 'Mainaga', NULL, '"2025-11-29T10:56:29.761Z"'),
(4849, 65, 'Joshua Torres', 'Grade 8', 'Mainaga', NULL, '"2025-11-29T10:56:29.761Z"'),
(4850, 65, 'Mark Garcia', 'Grade 5', 'Mainaga', NULL, '"2025-11-29T10:56:29.761Z"'),
(4851, 65, 'Maria Mendoza', 'Grade 6', 'Mainaga', NULL, '"2025-11-29T10:56:29.761Z"'),
(4852, 65, 'Mary Torres', 'Grade 5', 'Calamias', NULL, '"2025-11-29T10:56:29.761Z"'),
(4853, 65, 'Ella Aquino', 'Grade 3', 'Mainaga', NULL, '"2025-11-29T10:56:29.761Z"'),
(4854, 65, 'Ana Bello', 'Non-Grade', 'Mainaga', NULL, '"2025-11-29T10:56:29.761Z"'),
(4855, 65, 'James Ramos', 'Grade 8', 'Mainaga', NULL, '"2025-11-29T10:56:29.761Z"'),
(4856, 65, 'Lara Garcia', 'Non-Grade', 'Mainaga', NULL, '"2025-11-29T10:56:29.761Z"'),
(4857, 65, 'John Bello', 'Grade 8', 'Mainaga', NULL, '"2025-11-29T10:56:29.761Z"'),
(4858, 65, 'Grace Aquino', 'Grade 8', 'San Francisco', NULL, '"2025-11-29T10:56:29.761Z"'),
(4859, 65, 'Miguel Garcia', 'Grade 7', 'Mainaga', NULL, '"2025-11-29T10:56:29.761Z"'),
(4860, 65, 'Carlos Reyes', 'Grade 6', 'Mainaga', NULL, '"2025-11-29T10:56:29.761Z"'),
(4861, 65, 'John Garcia', 'Grade 9', 'Mainaga', NULL, '"2025-11-29T10:56:29.761Z"'),
(4862, 65, 'John Villanueva', 'Grade 4', 'Mainaga', NULL, '"2025-11-29T10:56:29.761Z"'),
(4863, 65, 'Maria Dela Cruz', 'Grade 9', 'Mainaga', NULL, '"2025-11-29T10:56:29.761Z"'),
(4864, 65, 'Grace Villanueva', 'Kinder', 'Mainaga', NULL, '"2025-11-29T10:56:29.761Z"'),
(4865, 65, 'Sofia Aquino', 'Grade 8', 'Calamias', NULL, '"2025-11-29T10:56:29.761Z"'),
(4866, 65, 'Miguel Reyes', 'Grade 1', 'Others', NULL, '"2025-11-29T10:56:29.761Z"'),
(4867, 65, 'John Cruz', 'Grade 7', 'Mainaga', NULL, '"2025-11-29T10:56:29.761Z"'),
(4868, 65, 'Miguel Aquino', 'Grade 7', 'Others', NULL, '"2025-11-29T10:56:29.761Z"'),
(4869, 65, 'Mark Bello', 'Grade 5', 'Mainaga', NULL, '"2025-11-29T10:56:29.761Z"'),
(4870, 65, 'Miguel Reyes', 'Kinder', 'San Francisco', NULL, '"2025-11-29T10:56:29.761Z"'),
(4871, 65, 'Mark Torres', 'Grade 8', 'Calamias', NULL, '"2025-11-29T10:56:29.761Z"'),
(4872, 65, 'Daniel Bello', 'Grade 1', 'Mainaga', NULL, '"2025-11-29T10:56:29.761Z"'),
(4873, 65, 'Grace Flores', 'Grade 1', 'San Francisco', NULL, '"2025-11-29T10:56:29.761Z"'),
(4874, 65, 'Maria Torres', 'Grade 8', 'San Francisco', NULL, '"2025-11-29T10:56:29.761Z"'),
(4875, 65, 'Joshua Dela Cruz', 'Grade 5', 'Mainaga', NULL, '"2025-11-29T10:56:29.761Z"'),
(4876, 65, 'James Aquino', 'Grade 9', 'Mainaga', NULL, '"2025-11-29T10:56:29.761Z"'),
(4877, 65, 'Joshua Santos', 'Grade 4', 'Mainaga', NULL, '"2025-11-29T10:56:29.761Z"'),
(4878, 65, 'Carlos Ramos', 'Grade 4', 'Mainaga', NULL, '"2025-11-29T10:56:29.761Z"'),
(4879, 65, 'Ella Dela Cruz', 'Grade 3', 'Calamias', NULL, '"2025-11-29T10:56:29.761Z"'),
(4880, 65, 'Miguel Cruz', 'Grade 5', 'Mainaga', NULL, '"2025-11-29T10:56:29.761Z"'),
(4881, 65, 'Daniel Ramos', 'Grade 4', 'Mainaga', NULL, '"2025-11-29T10:56:29.761Z"'),
(4882, 65, 'Miguel Bello', 'Grade 9', 'San Francisco', NULL, '"2025-11-29T10:56:29.761Z"'),
(4883, 65, 'Carlos Santos', 'Grade 2', 'San Francisco', NULL, '"2025-11-29T10:56:29.761Z"'),
(4884, 65, 'Ella Aquino', 'Grade 3', 'Calamias', NULL, '"2025-11-29T10:56:29.761Z"'),
(4885, 65, 'Mark Bello', 'Grade 5', 'Mainaga', NULL, '"2025-11-29T10:56:29.761Z"'),
(4886, 65, 'Carlos Torres', 'Grade 9', 'Mainaga', NULL, '"2025-11-29T10:56:29.761Z"'),
(4887, 65, 'Maria Santos', 'Grade 8', 'San Francisco', NULL, '"2025-11-29T10:56:29.761Z"'),
(4888, 65, 'Joshua Garcia', 'Grade 5', 'Others', NULL, '"2025-11-29T10:56:29.761Z"'),
(4889, 65, 'Julia Villanueva', 'Grade 9', 'Mainaga', NULL, '"2025-11-29T10:56:29.761Z"'),
(4890, 65, 'Mark Garcia', 'Grade 1', 'Others', NULL, '"2025-11-29T10:56:29.761Z"'),
(4891, 65, 'David Torres', 'Grade 4', 'Calamias', NULL, '"2025-11-29T10:56:29.761Z"'),
(4892, 65, 'Maria Dela Cruz', 'Grade 1', 'Mainaga', NULL, '"2025-11-29T10:56:29.761Z"'),
(4893, 65, 'James Flores', 'Grade 7', 'Mainaga', NULL, '"2025-11-29T10:56:29.761Z"'),
(4894, 65, 'Joshua Flores', 'Grade 6', 'San Francisco', NULL, '"2025-11-29T10:56:29.761Z"'),
(4895, 65, 'Mary Villanueva', 'Grade 6', 'Mainaga', NULL, '"2025-11-29T10:56:29.761Z"'),
(4896, 65, 'Joshua Flores', 'Grade 7', 'Calamias', NULL, '"2025-11-29T10:56:29.761Z"'),
(4897, 65, 'Miguel Villanueva', 'Grade 3', 'San Francisco', NULL, '"2025-11-29T10:56:29.761Z"'),
(4898, 65, 'Joshua Cruz', 'Grade 7', 'Mainaga', NULL, '"2025-11-29T10:56:29.761Z"'),
(4899, 65, 'Julia Garcia', 'Grade 5', 'Mainaga', NULL, '"2025-11-29T10:56:29.761Z"'),
(4900, 65, 'Sofia Torres', 'Grade 3', 'Others', NULL, '"2025-11-29T10:56:29.761Z"'),
(4901, 65, 'Maria Cruz', 'Grade 3', 'Mainaga', NULL, '"2025-11-29T10:56:29.761Z"'),
(4902, 65, 'Carlos Mendoza', 'Grade 8', 'Others', NULL, '"2025-11-29T10:56:29.761Z"'),
(4903, 65, 'Ella Bello', 'Grade 6', 'San Francisco', NULL, '"2025-11-29T10:56:29.761Z"'),
(4904, 65, 'Mark Flores', 'Grade 5', 'San Francisco', NULL, '"2025-11-29T10:56:29.761Z"'),
(4905, 65, 'David Dela Cruz', 'Kinder', 'Calamias', NULL, '"2025-11-29T10:56:29.761Z"'),
(4906, 65, 'Joshua Santos', 'Grade 3', 'Mainaga', NULL, '"2025-11-29T10:56:29.761Z"'),
(4907, 65, 'Miguel Flores', 'Grade 2', 'Mainaga', NULL, '"2025-11-29T10:56:29.761Z"'),
(4908, 65, 'Mary Flores', 'Grade 1', 'Others', NULL, '"2025-11-29T10:56:29.761Z"'),
(4909, 65, 'Grace Aquino', 'Grade 6', 'Mainaga', NULL, '"2025-11-29T10:56:29.761Z"'),
(4910, 65, 'Ana Santos', 'Grade 6', 'Calamias', NULL, '"2025-11-29T10:56:29.761Z"'),
(4911, 65, 'Maria Santos', 'Grade 1', 'Others', NULL, '"2025-11-29T10:56:29.761Z"'),
(4912, 65, 'Ana Villanueva', 'Grade 5', 'Mainaga', NULL, '"2025-11-29T10:56:29.761Z"'),
(4913, 65, 'John Reyes', 'Grade 9', 'Mainaga', NULL, '"2025-11-29T10:56:29.761Z"'),
(4914, 65, 'Ella Reyes', 'Kinder', 'San Francisco', NULL, '"2025-11-29T10:56:29.761Z"'),
(4915, 65, 'Carlos Villanueva', 'Grade 3', 'San Francisco', NULL, '"2025-11-29T10:56:29.761Z"'),
(4916, 65, 'Carlos Bello', 'Kinder', 'Mainaga', NULL, '"2025-11-29T10:56:29.761Z"'),
(4917, 65, 'Ella Villanueva', 'Grade 9', 'Mainaga', NULL, '"2025-11-29T10:56:29.761Z"'),
(4918, 65, 'James Ramos', 'Grade 5', 'Mainaga', NULL, '"2025-11-29T10:56:29.761Z"'),
(4919, 65, 'Ana Flores', 'Grade 5', 'Others', NULL, '"2025-11-29T10:56:29.761Z"'),
(4920, 65, 'Mark Torres', 'Grade 7', 'San Francisco', NULL, '"2025-11-29T10:56:29.761Z"'),
(4921, 65, 'Ana Cruz', 'Grade 2', 'Mainaga', NULL, '"2025-11-29T10:56:29.761Z"'),
(4922, 65, 'Mark Bello', 'Grade 1', 'Mainaga', NULL, '"2025-11-29T10:56:29.761Z"'),
(4923, 65, 'Sofia Garcia', 'Grade 5', 'Mainaga', NULL, '"2025-11-29T10:56:29.761Z"'),
(4924, 65, 'Maria Mendoza', 'Grade 7', 'Mainaga', NULL, '"2025-11-29T10:56:29.761Z"'),
(4925, 65, 'Grace Santos', 'Grade 5', 'Mainaga', NULL, '"2025-11-29T10:56:29.761Z"'),
(4926, 65, 'Julia Ramos', 'Non-Grade', 'Mainaga', NULL, '"2025-11-29T10:56:29.761Z"'),
(4927, 65, 'Lara Santos', 'Grade 2', 'San Francisco', NULL, '"2025-11-29T10:56:29.761Z"'),
(4928, 65, 'John Mendoza', 'Grade 2', 'Mainaga', NULL, '"2025-11-29T10:56:29.761Z"'),
(4929, 65, 'Ana Ramos', 'Grade 3', 'Calamias', NULL, '"2025-11-29T10:56:29.761Z"'),
(4930, 65, 'David Cruz', 'Grade 1', 'Mainaga', NULL, '"2025-11-29T10:56:29.761Z"'),
(4931, 65, 'John Mendoza', 'Grade 4', 'Calamias', NULL, '"2025-11-29T10:56:29.761Z"'),
(4932, 65, 'Ella Garcia', 'Grade 1', 'Mainaga', NULL, '"2025-11-29T10:56:29.761Z"'),
(4933, 65, 'Mark Bello', 'Grade 1', 'San Francisco', NULL, '"2025-11-29T10:56:29.761Z"'),
(4934, 65, 'Julia Bello', 'Non-Grade', 'Mainaga', NULL, '"2025-11-29T10:56:29.761Z"'),
(4935, 65, 'Carlos Cruz', 'Grade 6', 'Calamias', NULL, '"2025-11-29T10:56:29.761Z"'),
(4936, 65, 'Miguel Garcia', 'Grade 3', 'Mainaga', NULL, '"2025-11-29T10:56:29.761Z"'),
(4937, 65, 'Carlos Garcia', 'Grade 7', 'Mainaga', NULL, '"2025-11-29T10:56:29.761Z"'),
(4938, 65, 'David Cruz', 'Grade 3', 'Mainaga', NULL, '"2025-11-29T10:56:29.761Z"'),
(4939, 65, 'Sofia Torres', 'Grade 8', 'San Francisco', NULL, '"2025-11-29T10:56:29.761Z"'),
(4940, 65, 'Grace Reyes', 'Grade 1', 'San Francisco', NULL, '"2025-11-29T10:56:29.761Z"'),
(4941, 65, 'Grace Dela Cruz', 'Grade 7', 'Mainaga', NULL, '"2025-11-29T10:56:29.761Z"'),
(4942, 65, 'Mary Mendoza', 'Grade 4', 'Mainaga', NULL, '"2025-11-29T10:56:29.761Z"'),
(4943, 65, 'Ella Bello', 'Grade 1', 'Others', NULL, '"2025-11-29T10:56:29.761Z"'),
(4944, 65, 'Mary Reyes', 'Kinder', 'Mainaga', NULL, '"2025-11-29T10:56:29.761Z"'),
(4945, 65, 'Grace Dela Cruz', 'Grade 6', 'Calamias', NULL, '"2025-11-29T10:56:29.761Z"'),
(4946, 65, 'David Cruz', 'Grade 2', 'San Francisco', NULL, '"2025-11-29T10:56:29.761Z"'),
(4947, 65, 'Miguel Torres', 'Grade 6', 'Mainaga', NULL, '"2025-11-29T10:56:29.761Z"'),
(4948, 65, 'Daniel Villanueva', 'Non-Grade', 'Mainaga', NULL, '"2025-11-29T10:56:29.761Z"'),
(4949, 65, 'Julia Ramos', 'Kinder', 'Mainaga', NULL, '"2025-11-29T10:56:29.761Z"'),
(4950, 65, 'Carlos Villanueva', 'Grade 9', 'San Francisco', NULL, '"2025-11-29T10:56:29.761Z"'),
(4951, 65, 'Miguel Garcia', 'Grade 8', 'Mainaga', NULL, '"2025-11-29T10:56:29.761Z"'),
(4952, 65, 'James Santos', 'Grade 1', 'Others', NULL, '"2025-11-29T10:56:29.761Z"'),
(4953, 65, 'Ella Aquino', 'Non-Grade', 'Mainaga', NULL, '"2025-11-29T10:56:29.761Z"'),
(4954, 65, 'Daniel Bello', 'Kinder', 'San Francisco', NULL, '"2025-11-29T10:56:29.761Z"'),
(4955, 65, 'Ana Flores', 'Non-Grade', 'Calamias', NULL, '"2025-11-29T10:56:29.761Z"'),
(4956, 65, 'James Aquino', 'Grade 4', 'Mainaga', NULL, '"2025-11-29T10:56:29.761Z"'),
(4957, 65, 'Ella Ramos', 'Grade 9', 'Calamias', NULL, '"2025-11-29T10:56:29.761Z"'),
(4958, 65, 'Daniel Aquino', 'Grade 8', 'Mainaga', NULL, '"2025-11-29T10:56:29.761Z"'),
(4959, 65, 'Ella Santos', 'Grade 2', 'Calamias', NULL, '"2025-11-29T10:56:29.761Z"'),
(4960, 65, 'Maria Flores', 'Grade 9', 'Calamias', NULL, '"2025-11-29T10:56:29.761Z"'),
(4961, 65, 'Ella Flores', 'Kinder', 'Mainaga', NULL, '"2025-11-29T10:56:29.761Z"'),
(4962, 65, 'Maria Mendoza', 'Kinder', 'Others', NULL, '"2025-11-29T10:56:29.761Z"'),
(4963, 65, 'David Flores', 'Grade 1', 'Mainaga', NULL, '"2025-11-29T10:56:29.761Z"'),
(4964, 65, 'James Garcia', 'Grade 6', 'Calamias', NULL, '"2025-11-29T10:56:29.761Z"'),
(4965, 65, 'Daniel Ramos', 'Grade 6', 'Mainaga', NULL, '"2025-11-29T10:56:29.761Z"'),
(4966, 65, 'Carlos Santos', 'Grade 7', 'Mainaga', NULL, '"2025-11-29T10:56:29.761Z"'),
(4967, 65, 'Mark Aquino', 'Grade 1', 'Mainaga', NULL, '"2025-11-29T10:56:29.761Z"'),
(4968, 65, 'Grace Santos', 'Grade 4', 'San Francisco', NULL, '"2025-11-29T10:56:29.761Z"'),
(4969, 65, 'Joshua Aquino', 'Kinder', 'Mainaga', NULL, '"2025-11-29T10:56:29.761Z"'),
(4970, 65, 'John Dela Cruz', 'Grade 1', 'San Francisco', NULL, '"2025-11-29T10:56:29.761Z"'),
(4971, 65, 'Joshua Villanueva', 'Grade 4', 'Mainaga', NULL, '"2025-11-29T10:56:29.761Z"'),
(4972, 65, 'Carlos Bello', 'Grade 8', 'San Francisco', NULL, '"2025-11-29T10:56:29.761Z"'),
(4973, 65, 'Mary Torres', 'Grade 3', 'Calamias', NULL, '"2025-11-29T10:56:29.761Z"'),
(4974, 65, 'Miguel Reyes', 'Non-Grade', 'Mainaga', NULL, '"2025-11-29T10:56:29.761Z"'),
(4975, 65, 'Maria Dela Cruz', 'Grade 2', 'Mainaga', NULL, '"2025-11-29T10:56:29.761Z"'),
(4976, 65, 'David Garcia', 'Grade 8', 'Mainaga', NULL, '"2025-11-29T10:56:29.761Z"'),
(4977, 65, 'James Flores', 'Grade 3', 'Mainaga', NULL, '"2025-11-29T10:56:29.761Z"'),
(4978, 65, 'Daniel Reyes', 'Kinder', 'Mainaga', NULL, '"2025-11-29T10:56:29.761Z"'),
(4979, 65, 'Sofia Cruz', 'Grade 2', 'Mainaga', NULL, '"2025-11-29T10:56:29.761Z"'),
(4980, 65, 'David Villanueva', 'Kinder', 'Mainaga', NULL, '"2025-11-29T10:56:29.761Z"'),
(4981, 65, 'David Bello', 'Grade 8', 'San Francisco', NULL, '"2025-11-29T10:56:29.761Z"'),
(4982, 65, 'Lara Ramos', 'Non-Grade', 'Mainaga', NULL, '"2025-11-29T10:56:29.761Z"'),
(4983, 65, 'Sofia Bello', 'Grade 6', 'San Francisco', NULL, '"2025-11-29T10:56:29.761Z"'),
(4984, 65, 'Lara Aquino', 'Kinder', 'San Francisco', NULL, '"2025-11-29T10:56:29.761Z"'),
(4985, 65, 'Julia Bello', 'Grade 5', 'Mainaga', NULL, '"2025-11-29T10:56:29.761Z"'),
(4986, 65, 'Lara Mendoza', 'Grade 8', 'Mainaga', NULL, '"2025-11-29T10:56:29.761Z"'),
(4987, 65, 'Mark Garcia', 'Grade 5', 'Mainaga', NULL, '"2025-11-29T10:56:29.761Z"'),
(4988, 65, 'Daniel Ramos', 'Grade 7', 'Others', NULL, '"2025-11-29T10:56:29.761Z"'),
(4989, 65, 'Daniel Bello', 'Grade 1', 'Others', NULL, '"2025-11-29T10:56:29.761Z"'),
(4990, 65, 'Grace Mendoza', 'Grade 4', 'Mainaga', NULL, '"2025-11-29T10:56:29.761Z"'),
(4991, 65, 'Ella Ramos', 'Grade 5', 'Mainaga', NULL, '"2025-11-29T10:56:29.761Z"'),
(4992, 65, 'Grace Aquino', 'Grade 5', 'Mainaga', NULL, '"2025-11-29T10:56:29.761Z"'),
(4993, 65, 'Grace Reyes', 'Grade 2', 'Calamias', NULL, '"2025-11-29T10:56:29.761Z"'),
(4994, 65, 'Julia Bello', 'Grade 4', 'Mainaga', NULL, '"2025-11-29T10:56:29.761Z"'),
(4995, 65, 'Ana Cruz', 'Grade 2', 'Mainaga', NULL, '"2025-11-29T10:56:29.761Z"'),
(4996, 65, 'Ana Santos', 'Grade 6', 'Others', NULL, '"2025-11-29T10:56:29.761Z"'),
(4997, 65, 'David Ramos', 'Grade 1', 'Others', NULL, '"2025-11-29T10:56:29.761Z"'),
(4998, 65, 'Carlos Reyes', 'Non-Grade', 'Mainaga', NULL, '"2025-11-29T10:56:29.761Z"'),
(4999, 65, 'Joshua Reyes', 'Grade 4', 'Mainaga', NULL, '"2025-11-29T10:56:29.761Z"'),
(5000, 65, 'Mary Villanueva', 'Grade 4', 'Calamias', NULL, '"2025-11-29T10:56:29.761Z"'),
(5001, 65, 'John Aquino', 'Grade 3', 'Mainaga', NULL, '"2025-11-29T10:56:29.761Z"'),
(5002, 65, 'Ella Mendoza', 'Grade 1', 'Mainaga', NULL, '"2025-11-29T10:56:29.761Z"'),
(5003, 65, 'Ella Torres', 'Kinder', 'Calamias', NULL, '"2025-11-29T10:56:29.761Z"'),
(5004, 65, 'Carlos Garcia', 'Non-Grade', 'Calamias', NULL, '"2025-11-29T10:56:29.761Z"'),
(5005, 65, 'Ana Reyes', 'Grade 4', 'Calamias', NULL, '"2025-11-29T10:56:29.761Z"'),
(5006, 65, 'Daniel Mendoza', 'Non-Grade', 'Calamias', NULL, '"2025-11-29T10:56:29.761Z"'),
(5007, 65, 'Mary Bello', 'Grade 5', 'Others', NULL, '"2025-11-29T10:56:29.761Z"'),
(5008, 65, 'Ana Flores', 'Grade 3', 'Calamias', NULL, '"2025-11-29T10:56:29.761Z"'),
(5009, 65, 'Carlos Aquino', 'Grade 8', 'San Francisco', NULL, '"2025-11-29T10:56:29.761Z"'),
(5010, 65, 'Mark Aquino', 'Grade 6', 'Mainaga', NULL, '"2025-11-29T10:56:29.761Z"'),
(5011, 65, 'Ella Reyes', 'Non-Grade', 'San Francisco', NULL, '"2025-11-29T10:56:29.761Z"'),
(5012, 65, 'David Torres', 'Grade 5', 'Mainaga', NULL, '"2025-11-29T10:56:29.761Z"'),
(5013, 65, 'Ana Santos', 'Non-Grade', 'San Francisco', NULL, '"2025-11-29T10:56:29.761Z"'),
(5014, 65, 'Grace Bello', 'Grade 3', 'San Francisco', NULL, '"2025-11-29T10:56:29.761Z"'),
(5015, 65, 'Ana Dela Cruz', 'Kinder', 'Mainaga', NULL, '"2025-11-29T10:56:29.761Z"'),
(5016, 65, 'Ella Dela Cruz', 'Grade 8', 'Others', NULL, '"2025-11-29T10:56:29.761Z"'),
(5017, 65, 'John Ramos', 'Grade 6', 'Mainaga', NULL, '"2025-11-29T10:56:29.761Z"'),
(5018, 65, 'Lara Torres', 'Grade 4', 'Others', NULL, '"2025-11-29T10:56:29.761Z"'),
(5019, 65, 'Joshua Reyes', 'Grade 8', 'Mainaga', NULL, '"2025-11-29T10:56:29.761Z"'),
(5020, 65, 'Mark Santos', 'Grade 5', 'Others', NULL, '"2025-11-29T10:56:29.761Z"'),
(5021, 65, 'Miguel Flores', 'Grade 1', 'Calamias', NULL, '"2025-11-29T10:56:29.761Z"'),
(5022, 65, 'Miguel Cruz', 'Grade 1', 'Calamias', NULL, '"2025-11-29T10:56:29.761Z"'),
(5023, 65, 'David Santos', 'Grade 8', 'San Francisco', NULL, '"2025-11-29T10:56:29.761Z"'),
(5024, 65, 'Joshua Torres', 'Grade 5', 'Calamias', NULL, '"2025-11-29T10:56:29.761Z"'),
(5025, 65, 'Joshua Villanueva', 'Grade 6', 'San Francisco', NULL, '"2025-11-29T10:56:29.761Z"'),
(5026, 65, 'Carlos Villanueva', 'Grade 4', 'Mainaga', NULL, '"2025-11-29T10:56:29.761Z"'),
(5027, 65, 'Miguel Flores', 'Grade 9', 'Calamias', NULL, '"2025-11-29T10:56:29.761Z"'),
(5028, 65, 'Daniel Reyes', 'Grade 7', 'San Francisco', NULL, '"2025-11-29T10:56:29.761Z"'),
(5029, 65, 'Ana Mendoza', 'Grade 6', 'Mainaga', NULL, '"2025-11-29T10:56:29.761Z"'),
(5030, 65, 'Mary Cruz', 'Grade 7', 'Mainaga', NULL, '"2025-11-29T10:56:29.761Z"'),
(5031, 65, 'Joshua Mendoza', 'Grade 8', 'Mainaga', NULL, '"2025-11-29T10:56:29.761Z"'),
(5032, 65, 'David Aquino', 'Non-Grade', 'Calamias', NULL, '"2025-11-29T10:56:29.761Z"'),
(5033, 65, 'Sofia Villanueva', 'Grade 3', 'San Francisco', NULL, '"2025-11-29T10:56:29.761Z"'),
(5034, 65, 'Carlos Villanueva', 'Grade 9', 'San Francisco', NULL, '"2025-11-29T10:56:29.761Z"'),
(5035, 65, 'James Mendoza', 'Grade 6', 'Calamias', NULL, '"2025-11-29T10:56:29.761Z"'),
(5036, 65, 'Maria Cruz', 'Grade 6', 'Others', NULL, '"2025-11-29T10:56:29.761Z"'),
(5037, 65, 'Joshua Cruz', 'Grade 6', 'Mainaga', NULL, '"2025-11-29T10:56:29.761Z"'),
(5038, 65, 'Daniel Bello', 'Grade 2', 'Calamias', NULL, '"2025-11-29T10:56:29.761Z"'),
(5039, 65, 'Ella Dela Cruz', 'Grade 6', 'Others', NULL, '"2025-11-29T10:56:29.761Z"'),
(5040, 65, 'Miguel Santos', 'Grade 5', 'Mainaga', NULL, '"2025-11-29T10:56:29.761Z"'),
(5041, 65, 'Daniel Cruz', 'Kinder', 'Others', NULL, '"2025-11-29T10:56:29.761Z"'),
(5042, 65, 'Daniel Flores', 'Kinder', 'Mainaga', NULL, '"2025-11-29T10:56:29.761Z"'),
(5043, 65, 'Grace Ramos', 'Grade 1', 'Calamias', NULL, '"2025-11-29T10:56:29.761Z"'),
(5044, 65, 'Ella Villanueva', 'Grade 8', 'Mainaga', NULL, '"2025-11-29T10:56:29.761Z"'),
(5045, 65, 'Ella Garcia', 'Grade 9', 'Mainaga', NULL, '"2025-11-29T10:56:29.761Z"'),
(5046, 65, 'Lara Villanueva', 'Grade 5', 'Mainaga', NULL, '"2025-11-29T10:56:29.761Z"'),
(5047, 65, 'Carlos Santos', 'Kinder', 'San Francisco', NULL, '"2025-11-29T10:56:29.761Z"'),
(5048, 65, 'Lara Garcia', 'Grade 3', 'Mainaga', NULL, '"2025-11-29T10:56:29.761Z"'),
(5049, 65, 'Mary Aquino', 'Kinder', 'Mainaga', NULL, '"2025-11-29T10:56:29.761Z"'),
(5050, 65, 'Sofia Villanueva', 'Grade 8', 'Mainaga', NULL, '"2025-11-29T10:56:29.761Z"'),
(5051, 65, 'Ana Ramos', 'Non-Grade', 'Mainaga', NULL, '"2025-11-29T10:56:29.761Z"'),
(5052, 65, 'Lara Villanueva', 'Grade 3', 'Mainaga', NULL, '"2025-11-29T10:56:29.761Z"'),
(5053, 65, 'Joshua Bello', 'Grade 6', 'Mainaga', NULL, '"2025-11-29T10:56:29.761Z"'),
(5054, 65, 'Mark Mendoza', 'Grade 4', 'Mainaga', NULL, '"2025-11-29T10:56:29.761Z"'),
(5055, 65, 'Grace Santos', 'Grade 6', 'Mainaga', NULL, '"2025-11-29T10:56:29.761Z"'),
(5056, 65, 'Mary Santos', 'Grade 7', 'Mainaga', NULL, '"2025-11-29T10:56:29.761Z"'),
(5057, 65, 'Ana Santos', 'Grade 5', 'Mainaga', NULL, '"2025-11-29T10:56:29.761Z"'),
(5058, 65, 'Maria Flores', 'Grade 5', 'Calamias', NULL, '"2025-11-29T10:56:29.761Z"'),
(5059, 65, 'Miguel Flores', 'Kinder', 'San Francisco', NULL, '"2025-11-29T10:56:29.761Z"'),
(5060, 65, 'David Garcia', 'Grade 5', 'Others', NULL, '"2025-11-29T10:56:29.761Z"'),
(5061, 65, 'David Reyes', 'Grade 6', 'Calamias', NULL, '"2025-11-29T10:56:29.761Z"'),
(5062, 65, 'Daniel Dela Cruz', 'Grade 6', 'Mainaga', NULL, '"2025-11-29T10:56:29.761Z"'),
(5063, 65, 'Maria Torres', 'Grade 7', 'Mainaga', NULL, '"2025-11-29T10:56:29.761Z"'),
(5064, 65, 'Daniel Dela Cruz', 'Grade 8', 'Others', NULL, '"2025-11-29T10:56:29.761Z"'),
(5065, 65, 'James Garcia', 'Grade 3', 'San Francisco', NULL, '"2025-11-29T10:56:29.761Z"'),
(5066, 65, 'Ella Ramos', 'Grade 4', 'Mainaga', NULL, '"2025-11-29T10:56:29.761Z"'),
(5067, 65, 'Ana Villanueva', 'Grade 4', 'Calamias', NULL, '"2025-11-29T10:56:29.761Z"'),
(5068, 65, 'Lara Ramos', 'Grade 2', 'Calamias', NULL, '"2025-11-29T10:56:29.761Z"'),
(5069, 65, 'Mary Flores', 'Kinder', 'Others', NULL, '"2025-11-29T10:56:29.761Z"'),
(5070, 65, 'Mary Garcia', 'Grade 2', 'San Francisco', NULL, '"2025-11-29T10:56:29.761Z"'),
(5071, 65, 'Ella Aquino', 'Grade 3', 'Calamias', NULL, '"2025-11-29T10:56:29.761Z"'),
(5072, 65, 'Ella Reyes', 'Grade 1', 'Mainaga', NULL, '"2025-11-29T10:56:29.761Z"'),
(5073, 65, 'Julia Torres', 'Non-Grade', 'Mainaga', NULL, '"2025-11-29T10:56:29.761Z"'),
(5074, 65, 'James Ramos', 'Grade 4', 'Others', NULL, '"2025-11-29T10:56:29.761Z"'),
(5075, 65, 'Daniel Garcia', 'Grade 8', 'Mainaga', NULL, '"2025-11-29T10:56:29.761Z"'),
(5076, 65, 'Ana Aquino', 'Grade 9', 'Calamias', NULL, '"2025-11-29T10:56:29.761Z"'),
(5077, 65, 'David Bello', 'Grade 5', 'Mainaga', NULL, '"2025-11-29T10:56:29.761Z"'),
(5078, 65, 'Julia Garcia', 'Kinder', 'Others', NULL, '"2025-11-29T10:56:29.761Z"'),
(5079, 65, 'John Aquino', 'Grade 1', 'Others', NULL, '"2025-11-29T10:56:29.761Z"'),
(5080, 65, 'Ana Villanueva', 'Grade 9', 'Mainaga', NULL, '"2025-11-29T10:56:29.761Z"'),
(5081, 65, 'John Torres', 'Kinder', 'Calamias', NULL, '"2025-11-29T10:56:29.761Z"'),
(5082, 65, 'Joshua Mendoza', 'Grade 9', 'Mainaga', NULL, '"2025-11-29T10:56:29.761Z"'),
(5083, 65, 'Ella Garcia', 'Grade 5', 'Others', NULL, '"2025-11-29T10:56:29.761Z"'),
(5084, 65, 'Ana Santos', 'Grade 2', 'Others', NULL, '"2025-11-29T10:56:29.761Z"'),
(5085, 65, 'Sofia Reyes', 'Grade 2', 'San Francisco', NULL, '"2025-11-29T10:56:29.761Z"'),
(5086, 65, 'David Cruz', 'Grade 3', 'Mainaga', NULL, '"2025-11-29T10:56:29.761Z"'),
(5087, 65, 'John Bello', 'Grade 8', 'Mainaga', NULL, '"2025-11-29T10:56:29.761Z"'),
(5088, 65, 'Sofia Flores', 'Grade 8', 'Others', NULL, '"2025-11-29T10:56:29.761Z"'),
(5089, 65, 'Miguel Villanueva', 'Grade 2', 'Mainaga', NULL, '"2025-11-29T10:56:29.761Z"'),
(5090, 65, 'James Aquino', 'Grade 3', 'San Francisco', NULL, '"2025-11-29T10:56:29.761Z"'),
(5091, 65, 'Miguel Ramos', 'Grade 2', 'Calamias', NULL, '"2025-11-29T10:56:29.761Z"'),
(5092, 65, 'Miguel Reyes', 'Grade 6', 'San Francisco', NULL, '"2025-11-29T10:56:29.761Z"'),
(5093, 65, 'Ana Aquino', 'Grade 5', 'Others', NULL, '"2025-11-29T10:56:29.761Z"'),
(5094, 65, 'James Cruz', 'Grade 6', 'Calamias', NULL, '"2025-11-29T10:56:29.761Z"'),
(5095, 65, 'Sofia Mendoza', 'Grade 2', 'Others', NULL, '"2025-11-29T10:56:29.761Z"'),
(5096, 65, 'Lara Dela Cruz', 'Grade 3', 'Calamias', NULL, '"2025-11-29T10:56:29.761Z"'),
(5097, 65, 'Grace Flores', 'Grade 1', 'Mainaga', NULL, '"2025-11-29T10:56:29.761Z"'),
(5098, 65, 'Daniel Cruz', 'Grade 2', 'Mainaga', NULL, '"2025-11-29T10:56:29.761Z"'),
(5099, 65, 'Grace Dela Cruz', 'Grade 3', 'Others', NULL, '"2025-11-29T10:56:29.761Z"'),
(5100, 65, 'David Aquino', 'Non-Grade', 'Mainaga', NULL, '"2025-11-29T10:56:29.761Z"'),
(5101, 65, 'David Aquino', 'Grade 8', 'Mainaga', NULL, '"2025-11-29T10:56:29.761Z"'),
(5102, 65, 'James Cruz', 'Kinder', 'Mainaga', NULL, '"2025-11-29T10:56:29.761Z"'),
(5103, 65, 'Joshua Cruz', 'Grade 3', 'Calamias', NULL, '"2025-11-29T10:56:29.761Z"'),
(5104, 65, 'Maria Garcia', 'Grade 9', 'San Francisco', NULL, '"2025-11-29T10:56:29.761Z"'),
(5105, 65, 'Grace Villanueva', 'Kinder', 'Mainaga', NULL, '"2025-11-29T10:56:29.761Z"'),
(5106, 65, 'Sofia Villanueva', 'Grade 1', 'Mainaga', NULL, '"2025-11-29T10:56:29.761Z"'),
(5107, 65, 'Sofia Bello', 'Kinder', 'Mainaga', NULL, '"2025-11-29T10:56:29.761Z"'),
(5108, 65, 'Grace Cruz', 'Kinder', 'Mainaga', NULL, '"2025-11-29T10:56:29.761Z"'),
(5109, 65, 'Ella Ramos', 'Grade 5', 'Calamias', NULL, '"2025-11-29T10:56:29.761Z"'),
(5110, 65, 'Grace Flores', 'Kinder', 'San Francisco', NULL, '"2025-11-29T10:56:29.761Z"'),
(5111, 65, 'Ella Santos', 'Grade 2', 'San Francisco', NULL, '"2025-11-29T10:56:29.761Z"'),
(5112, 65, 'David Reyes', 'Grade 9', 'Mainaga', NULL, '"2025-11-29T10:56:29.761Z"'),
(5113, 65, 'James Villanueva', 'Grade 6', 'San Francisco', NULL, '"2025-11-29T10:56:29.761Z"'),
(5114, 65, 'Miguel Flores', 'Grade 3', 'Calamias', NULL, '"2025-11-29T10:56:29.761Z"'),
(5115, 65, 'David Ramos', 'Grade 8', 'Calamias', NULL, '"2025-11-29T10:56:29.761Z"'),
(5116, 65, 'David Dela Cruz', 'Grade 9', 'San Francisco', NULL, '"2025-11-29T10:56:29.761Z"'),
(5117, 65, 'Julia Ramos', 'Grade 9', 'Mainaga', NULL, '"2025-11-29T10:56:29.761Z"'),
(5118, 65, 'Mark Bello', 'Grade 5', 'Mainaga', NULL, '"2025-11-29T10:56:29.761Z"'),
(5119, 65, 'Lara Dela Cruz', 'Grade 2', 'Others', NULL, '"2025-11-29T10:56:29.761Z"'),
(5120, 65, 'Carlos Reyes', 'Grade 8', 'San Francisco', NULL, '"2025-11-29T10:56:29.761Z"'),
(5121, 65, 'Grace Mendoza', 'Grade 7', 'Calamias', NULL, '"2025-11-29T10:56:29.761Z"'),
(5122, 65, 'Daniel Ramos', 'Grade 6', 'Mainaga', NULL, '"2025-11-29T10:56:29.761Z"'),
(5123, 65, 'David Garcia', 'Grade 6', 'Mainaga', NULL, '"2025-11-29T10:56:29.761Z"'),
(5124, 65, 'Joshua Aquino', 'Kinder', 'San Francisco', NULL, '"2025-11-29T10:56:29.761Z"'),
(5125, 65, 'Sofia Aquino', 'Kinder', 'Mainaga', NULL, '"2025-11-29T10:56:29.761Z"'),
(5126, 65, 'John Reyes', 'Non-Grade', 'Mainaga', NULL, '"2025-11-29T10:56:29.761Z"'),
(5127, 65, 'Mark Garcia', 'Grade 3', 'San Francisco', NULL, '"2025-11-29T10:56:29.761Z"'),
(5128, 65, 'Grace Flores', 'Kinder', 'Calamias', NULL, '"2025-11-29T10:56:29.761Z"'),
(5129, 65, 'Ella Ramos', 'Grade 2', 'San Francisco', NULL, '"2025-11-29T10:56:29.761Z"'),
(5130, 65, 'Maria Villanueva', 'Grade 8', 'Calamias', NULL, '"2025-11-29T10:56:29.761Z"'),
(5131, 65, 'Julia Dela Cruz', 'Grade 8', 'Calamias', NULL, '"2025-11-29T10:56:29.761Z"'),
(5132, 65, 'Maria Flores', 'Grade 3', 'Mainaga', NULL, '"2025-11-29T10:56:29.761Z"'),
(5133, 65, 'Miguel Torres', 'Grade 4', 'Mainaga', NULL, '"2025-11-29T10:56:29.761Z"'),
(5134, 65, 'Miguel Cruz', 'Grade 9', 'Mainaga', NULL, '"2025-11-29T10:56:29.761Z"'),
(5135, 65, 'Carlos Mendoza', 'Grade 6', 'Mainaga', NULL, '"2025-11-29T10:56:29.761Z"'),
(5136, 65, 'James Santos', 'Grade 1', 'Mainaga', NULL, '"2025-11-29T10:56:29.761Z"'),
(5137, 65, 'Miguel Reyes', 'Non-Grade', 'San Francisco', NULL, '"2025-11-29T10:56:29.761Z"'),
(5138, 65, 'Mary Dela Cruz', 'Grade 9', 'Mainaga', NULL, '"2025-11-29T10:56:29.761Z"'),
(5139, 65, 'Sofia Santos', 'Non-Grade', 'San Francisco', NULL, '"2025-11-29T10:56:29.761Z"'),
(5140, 65, 'Carlos Cruz', 'Grade 7', 'Calamias', NULL, '"2025-11-29T10:56:29.761Z"'),
(5141, 65, 'Ana Dela Cruz', 'Non-Grade', 'Mainaga', NULL, '"2025-11-29T10:56:29.761Z"'),
(5142, 65, 'Julia Aquino', 'Grade 7', 'Calamias', NULL, '"2025-11-29T10:56:29.761Z"'),
(5143, 65, 'Ana Bello', 'Grade 2', 'Calamias', NULL, '"2025-11-29T10:56:29.761Z"'),
(5144, 65, 'Ella Bello', 'Grade 9', 'San Francisco', NULL, '"2025-11-29T10:56:29.761Z"'),
(5145, 65, 'Lara Bello', 'Grade 1', 'Others', NULL, '"2025-11-29T10:56:29.761Z"'),
(5146, 65, 'Carlos Bello', 'Grade 7', 'San Francisco', NULL, '"2025-11-29T10:56:29.761Z"'),
(5147, 65, 'Lara Ramos', 'Grade 5', 'San Francisco', NULL, '"2025-11-29T10:56:29.761Z"'),
(5148, 65, 'Grace Ramos', 'Grade 7', 'Mainaga', NULL, '"2025-11-29T10:56:29.761Z"'),
(5149, 65, 'Mary Reyes', 'Non-Grade', 'Mainaga', NULL, '"2025-11-29T10:56:29.761Z"'),
(5150, 65, 'Ana Villanueva', 'Grade 4', 'Mainaga', NULL, '"2025-11-29T10:56:29.761Z"'),
(5151, 65, 'John Torres', 'Grade 6', 'Mainaga', NULL, '"2025-11-29T10:56:29.761Z"'),
(5152, 65, 'Mark Aquino', 'Grade 6', 'Calamias', NULL, '"2025-11-29T10:56:29.761Z"'),
(5153, 65, 'James Flores', 'Grade 9', 'Mainaga', NULL, '"2025-11-29T10:56:29.761Z"'),
(5154, 65, 'Julia Ramos', 'Grade 8', 'Calamias', NULL, '"2025-11-29T10:56:29.761Z"'),
(5155, 65, 'Julia Santos', 'Grade 5', 'Mainaga', NULL, '"2025-11-29T10:56:29.761Z"'),
(5156, 65, 'Grace Ramos', 'Grade 2', 'Mainaga', NULL, '"2025-11-29T10:56:29.761Z"'),
(5157, 65, 'Lara Santos', 'Grade 3', 'Mainaga', NULL, '"2025-11-29T10:56:29.761Z"'),
(5158, 65, 'Ella Torres', 'Non-Grade', 'Mainaga', NULL, '"2025-11-29T10:56:29.761Z"'),
(5159, 65, 'David Santos', 'Grade 1', 'Mainaga', NULL, '"2025-11-29T10:56:29.761Z"'),
(5160, 65, 'Maria Villanueva', 'Grade 8', 'Mainaga', NULL, '"2025-11-29T10:56:29.761Z"'),
(5161, 65, 'Ana Mendoza', 'Grade 5', 'Calamias', NULL, '"2025-11-29T10:56:29.761Z"'),
(5162, 65, 'Joshua Cruz', 'Grade 5', 'Mainaga', NULL, '"2025-11-29T10:56:29.761Z"'),
(5163, 65, 'Ana Villanueva', 'Grade 9', 'Others', NULL, '"2025-11-29T10:56:29.761Z"'),
(5164, 65, 'Sofia Garcia', 'Grade 1', 'Mainaga', NULL, '"2025-11-29T10:56:29.761Z"'),
(5165, 65, 'Daniel Santos', 'Grade 3', 'Mainaga', NULL, '"2025-11-29T10:56:29.761Z"'),
(5166, 65, 'Mary Bello', 'Grade 3', 'Mainaga', NULL, '"2025-11-29T10:56:29.761Z"'),
(5167, 65, 'Julia Mendoza', 'Grade 4', 'Mainaga', NULL, '"2025-11-29T10:56:29.761Z"'),
(5168, 65, 'John Cruz', 'Grade 1', 'San Francisco', NULL, '"2025-11-29T10:56:29.761Z"'),
(5169, 65, 'Mary Villanueva', 'Grade 2', 'Mainaga', NULL, '"2025-11-29T10:56:29.761Z"'),
(5170, 65, 'Joshua Villanueva', 'Non-Grade', 'Mainaga', NULL, '"2025-11-29T10:56:29.761Z"'),
(5171, 65, 'David Mendoza', 'Grade 8', 'Mainaga', NULL, '"2025-11-29T10:56:29.761Z"'),
(5172, 65, 'Joshua Reyes', 'Grade 9', 'Others', NULL, '"2025-11-29T10:56:29.761Z"'),
(5173, 65, 'Julia Dela Cruz', 'Grade 4', 'Mainaga', NULL, '"2025-11-29T10:56:29.761Z"'),
(5174, 65, 'Sofia Aquino', 'Grade 8', 'Mainaga', NULL, '"2025-11-29T10:56:29.761Z"'),
(5175, 65, 'Ana Villanueva', 'Kinder', 'San Francisco', NULL, '"2025-11-29T10:56:29.761Z"'),
(5176, 65, 'Mark Torres', 'Grade 3', 'Mainaga', NULL, '"2025-11-29T10:56:29.761Z"'),
(5177, 65, 'Miguel Torres', 'Grade 6', 'Others', NULL, '"2025-11-29T10:56:29.761Z"'),
(5178, 65, 'Lara Flores', 'Grade 9', 'Mainaga', NULL, '"2025-11-29T10:56:29.761Z"'),
(5179, 65, 'Mark Cruz', 'Grade 2', 'San Francisco', NULL, '"2025-11-29T10:56:29.761Z"'),
(5180, 65, 'Julia Villanueva', 'Grade 6', 'San Francisco', NULL, '"2025-11-29T10:56:29.761Z"'),
(5181, 65, 'Miguel Dela Cruz', 'Grade 6', 'Mainaga', NULL, '"2025-11-29T10:56:29.761Z"'),
(5182, 65, 'David Santos', 'Grade 1', 'San Francisco', NULL, '"2025-11-29T10:56:29.761Z"'),
(5183, 65, 'Julia Santos', 'Grade 7', 'Mainaga', NULL, '"2025-11-29T10:56:29.761Z"'),
(5184, 65, 'Julia Reyes', 'Grade 6', 'Others', NULL, '"2025-11-29T10:56:29.761Z"'),
(5185, 65, 'Miguel Bello', 'Grade 2', 'Mainaga', NULL, '"2025-11-29T10:56:29.761Z"'),
(5186, 65, 'James Flores', 'Grade 3', 'Mainaga', NULL, '"2025-11-29T10:56:29.761Z"'),
(5187, 65, 'Sofia Mendoza', 'Grade 4', 'Mainaga', NULL, '"2025-11-29T10:56:29.761Z"'),
(5188, 65, 'Grace Mendoza', 'Grade 9', 'Mainaga', NULL, '"2025-11-29T10:56:29.761Z"'),
(5189, 65, 'Maria Torres', 'Grade 1', 'Calamias', NULL, '"2025-11-29T10:56:29.761Z"'),
(5190, 65, 'Grace Torres', 'Grade 7', 'Mainaga', NULL, '"2025-11-29T10:56:29.761Z"'),
(5191, 65, 'James Ramos', 'Grade 6', 'San Francisco', NULL, '"2025-11-29T10:56:29.761Z"'),
(5192, 65, 'Maria Santos', 'Grade 3', 'San Francisco', NULL, '"2025-11-29T10:56:29.761Z"'),
(5193, 65, 'Joshua Cruz', 'Grade 9', 'Mainaga', NULL, '"2025-11-29T10:56:29.761Z"'),
(5194, 65, 'Miguel Bello', 'Grade 8', 'Mainaga', NULL, '"2025-11-29T10:56:29.761Z"'),
(5195, 65, 'John Aquino', 'Grade 3', 'Mainaga', NULL, '"2025-11-29T10:56:29.761Z"'),
(5196, 65, 'Grace Mendoza', 'Grade 4', 'Mainaga', NULL, '"2025-11-29T10:56:29.761Z"'),
(5197, 65, 'Joshua Garcia', 'Grade 9', 'San Francisco', NULL, '"2025-11-29T10:56:29.761Z"'),
(5198, 65, 'James Villanueva', 'Grade 6', 'Mainaga', NULL, '"2025-11-29T10:56:29.761Z"'),
(5199, 65, 'Joshua Garcia', 'Grade 3', 'Mainaga', NULL, '"2025-11-29T10:56:29.761Z"'),
(5200, 65, 'Ana Mendoza', 'Grade 9', 'Mainaga', NULL, '"2025-11-29T10:56:29.761Z"'),
(5201, 65, 'Mary Reyes', 'Grade 3', 'Mainaga', NULL, '"2025-11-29T10:56:29.761Z"'),
(5202, 65, 'Julia Bello', 'Grade 2', 'Mainaga', NULL, '"2025-11-29T10:56:29.761Z"'),
(5203, 65, 'Ana Flores', 'Grade 5', 'San Francisco', NULL, '"2025-11-29T10:56:29.761Z"'),
(5204, 65, 'John Garcia', 'Kinder', 'Mainaga', NULL, '"2025-11-29T10:56:29.761Z"'),
(5205, 65, 'Sofia Santos', 'Grade 8', 'Mainaga', NULL, '"2025-11-29T10:56:29.761Z"'),
(5206, 65, 'Lara Mendoza', 'Grade 7', 'Mainaga', NULL, '"2025-11-29T10:56:29.761Z"'),
(5207, 65, 'John Bello', 'Grade 2', 'Mainaga', NULL, '"2025-11-29T10:56:29.761Z"'),
(5208, 65, 'James Ramos', 'Kinder', 'Mainaga', NULL, '"2025-11-29T10:56:29.761Z"'),
(5209, 65, 'Maria Cruz', 'Grade 8', 'Mainaga', NULL, '"2025-11-29T10:56:29.761Z"'),
(5210, 65, 'Ana Ramos', 'Grade 5', 'Calamias', NULL, '"2025-11-29T10:56:29.761Z"'),
(5211, 65, 'Daniel Torres', 'Non-Grade', 'Mainaga', NULL, '"2025-11-29T10:56:29.761Z"'),
(5212, 65, 'Sofia Flores', 'Non-Grade', 'Mainaga', NULL, '"2025-11-29T10:56:29.761Z"'),
(5213, 65, 'Joshua Santos', 'Grade 7', 'Mainaga', NULL, '"2025-11-29T10:56:29.761Z"'),
(5214, 65, 'John Cruz', 'Grade 1', 'Mainaga', NULL, '"2025-11-29T10:56:29.761Z"'),
(5215, 65, 'Miguel Santos', 'Kinder', 'Calamias', NULL, '"2025-11-29T10:56:29.761Z"'),
(5216, 65, 'Mark Villanueva', 'Grade 9', 'Calamias', NULL, '"2025-11-29T10:56:29.761Z"'),
(5217, 65, 'Ella Ramos', 'Non-Grade', 'Mainaga', NULL, '"2025-11-29T10:56:29.761Z"'),
(5218, 65, 'Maria Torres', 'Grade 8', 'Mainaga', NULL, '"2025-11-29T10:56:29.761Z"'),
(5219, 65, 'Daniel Dela Cruz', 'Non-Grade', 'Mainaga', NULL, '"2025-11-29T10:56:29.761Z"'),
(5220, 65, 'Sofia Villanueva', 'Grade 5', 'Others', NULL, '"2025-11-29T10:56:29.761Z"'),
(5221, 65, 'Ella Ramos', 'Grade 4', 'Mainaga', NULL, '"2025-11-29T10:56:29.761Z"'),
(5222, 65, 'Ana Villanueva', 'Grade 1', 'San Francisco', NULL, '"2025-11-29T10:56:29.761Z"'),
(5223, 65, 'Carlos Flores', 'Grade 9', 'Mainaga', NULL, '"2025-11-29T10:56:29.761Z"'),
(5224, 65, 'Mary Garcia', 'Grade 8', 'Mainaga', NULL, '"2025-11-29T10:56:29.761Z"'),
(5225, 65, 'David Ramos', 'Non-Grade', 'Mainaga', NULL, '"2025-11-29T10:56:29.761Z"'),
(5226, 65, 'John Bello', 'Non-Grade', 'Calamias', NULL, '"2025-11-29T10:56:29.761Z"'),
(5227, 65, 'Daniel Garcia', 'Grade 4', 'San Francisco', NULL, '"2025-11-29T10:56:29.761Z"'),
(5228, 65, 'Joshua Flores', 'Grade 4', 'Mainaga', NULL, '"2025-11-29T10:56:29.761Z"'),
(5229, 65, 'Mark Cruz', 'Grade 3', 'Calamias', NULL, '"2025-11-29T10:56:29.761Z"'),
(5230, 65, 'John Torres', 'Grade 6', 'Others', NULL, '"2025-11-29T10:56:29.761Z"'),
(5231, 65, 'James Villanueva', 'Grade 7', 'Mainaga', NULL, '"2025-11-29T10:56:29.761Z"'),
(5232, 65, 'Lara Bello', 'Grade 1', 'Others', NULL, '"2025-11-29T10:56:29.761Z"'),
(5233, 65, 'James Cruz', 'Grade 9', 'Mainaga', NULL, '"2025-11-29T10:56:29.761Z"'),
(5234, 65, 'Grace Ramos', 'Grade 4', 'Mainaga', NULL, '"2025-11-29T10:56:29.761Z"'),
(5235, 65, 'Ella Mendoza', 'Grade 8', 'Mainaga', NULL, '"2025-11-29T10:56:29.761Z"'),
(5236, 65, 'Miguel Santos', 'Grade 2', 'San Francisco', NULL, '"2025-11-29T10:56:29.761Z"'),
(5237, 65, 'Ana Mendoza', 'Grade 4', 'Mainaga', NULL, '"2025-11-29T10:56:29.761Z"'),
(5238, 65, 'Maria Aquino', 'Grade 8', 'Mainaga', NULL, '"2025-11-29T10:56:29.761Z"'),
(5239, 65, 'Daniel Torres', 'Grade 3', 'Calamias', NULL, '"2025-11-29T10:56:29.761Z"'),
(5240, 65, 'Maria Bello', 'Grade 4', 'Mainaga', NULL, '"2025-11-29T10:56:29.761Z"'),
(5241, 65, 'Mark Mendoza', 'Grade 4', 'Others', NULL, '"2025-11-29T10:56:29.761Z"'),
(5242, 65, 'Joshua Reyes', 'Kinder', 'Calamias', NULL, '"2025-11-29T10:56:29.761Z"'),
(5243, 65, 'Ella Aquino', 'Non-Grade', 'Mainaga', NULL, '"2025-11-29T10:56:29.761Z"'),
(5244, 65, 'Joshua Santos', 'Grade 2', 'Calamias', NULL, '"2025-11-29T10:56:29.761Z"'),
(5245, 65, 'Sofia Aquino', 'Grade 5', 'Calamias', NULL, '"2025-11-29T10:56:29.761Z"'),
(5246, 65, 'Carlos Aquino', 'Grade 4', 'Mainaga', NULL, '"2025-11-29T10:56:29.761Z"'),
(5247, 65, 'Carlos Santos', 'Grade 7', 'Mainaga', NULL, '"2025-11-29T10:56:29.761Z"'),
(5248, 65, 'Lara Cruz', 'Grade 7', 'San Francisco', NULL, '"2025-11-29T10:56:29.761Z"'),
(5249, 65, 'Mary Mendoza', 'Grade 6', 'Others', NULL, '"2025-11-29T10:56:29.761Z"'),
(5250, 65, 'Carlos Garcia', 'Non-Grade', 'Mainaga', NULL, '"2025-11-29T10:56:29.761Z"'),
(5251, 65, 'Ella Garcia', 'Grade 8', 'San Francisco', NULL, '"2025-11-29T10:56:29.761Z"'),
(5252, 65, 'Ana Garcia', 'Grade 9', 'Mainaga', NULL, '"2025-11-29T10:56:29.761Z"'),
(5253, 65, 'John Torres', 'Grade 4', 'Others', NULL, '"2025-11-29T10:56:29.761Z"'),
(5254, 65, 'Carlos Torres', 'Grade 7', 'Calamias', NULL, '"2025-11-29T10:56:29.761Z"'),
(5255, 65, 'Daniel Bello', 'Grade 9', 'San Francisco', NULL, '"2025-11-29T10:56:29.761Z"'),
(5256, 65, 'Lara Mendoza', 'Grade 4', 'San Francisco', NULL, '"2025-11-29T10:56:29.761Z"'),
(5257, 65, 'Miguel Ramos', 'Grade 9', 'San Francisco', NULL, '"2025-11-29T10:56:29.761Z"'),
(5258, 65, 'Joshua Mendoza', 'Non-Grade', 'Calamias', NULL, '"2025-11-29T10:56:29.761Z"'),
(5259, 65, 'Ella Bello', 'Grade 7', 'Mainaga', NULL, '"2025-11-29T10:56:29.761Z"'),
(5260, 65, 'James Ramos', 'Grade 7', 'Mainaga', NULL, '"2025-11-29T10:56:29.761Z"'),
(5261, 65, 'Joshua Aquino', 'Grade 1', 'Mainaga', NULL, '"2025-11-29T10:56:29.761Z"'),
(5262, 65, 'Mark Garcia', 'Grade 8', 'Mainaga', NULL, '"2025-11-29T10:56:29.761Z"'),
(5263, 65, 'Mark Mendoza', 'Grade 8', 'Others', NULL, '"2025-11-29T10:56:29.761Z"'),
(5264, 65, 'Grace Bello', 'Grade 1', 'San Francisco', NULL, '"2025-11-29T10:56:29.761Z"'),
(5265, 65, 'John Reyes', 'Non-Grade', 'Mainaga', NULL, '"2025-11-29T10:56:29.761Z"'),
(5266, 65, 'Joshua Aquino', 'Kinder', 'Mainaga', NULL, '"2025-11-29T10:56:29.761Z"'),
(5267, 65, 'Miguel Bello', 'Grade 2', 'Mainaga', NULL, '"2025-11-29T10:56:29.761Z"'),
(5268, 65, 'Joshua Ramos', 'Grade 6', 'Mainaga', NULL, '"2025-11-29T10:56:29.761Z"'),
(5269, 65, 'Mark Villanueva', 'Grade 6', 'Mainaga', NULL, '"2025-11-29T10:56:29.761Z"'),
(5270, 65, 'Joshua Torres', 'Grade 8', 'San Francisco', NULL, '"2025-11-29T10:56:29.761Z"'),
(5271, 65, 'David Cruz', 'Grade 6', 'Mainaga', NULL, '"2025-11-29T10:56:29.761Z"'),
(5272, 65, 'Lara Dela Cruz', 'Non-Grade', 'Calamias', NULL, '"2025-11-29T10:56:29.761Z"'),
(5273, 65, 'Ana Flores', 'Grade 9', 'Mainaga', NULL, '"2025-11-29T10:56:29.761Z"'),
(5274, 65, 'Sofia Santos', 'Grade 4', 'Mainaga', NULL, '"2025-11-29T10:56:29.761Z"'),
(5275, 65, 'Mary Ramos', 'Grade 2', 'Calamias', NULL, '"2025-11-29T10:56:29.761Z"'),
(5276, 65, 'Daniel Santos', 'Grade 5', 'Mainaga', NULL, '"2025-11-29T10:56:29.761Z"'),
(5277, 65, 'Carlos Santos', 'Grade 5', 'Others', NULL, '"2025-11-29T10:56:29.761Z"'),
(5278, 65, 'Carlos Dela Cruz', 'Grade 8', 'Mainaga', NULL, '"2025-11-29T10:56:29.761Z"'),
(5279, 65, 'Grace Torres', 'Grade 7', 'Mainaga', NULL, '"2025-11-29T10:56:29.761Z"'),
(5280, 65, 'Maria Ramos', 'Kinder', 'Mainaga', NULL, '"2025-11-29T10:56:29.761Z"'),
(5281, 65, 'Ella Cruz', 'Grade 4', 'Others', NULL, '"2025-11-29T10:56:29.761Z"'),
(5282, 65, 'Grace Torres', 'Non-Grade', 'Calamias', NULL, '"2025-11-29T10:56:29.761Z"'),
(5283, 65, 'Daniel Reyes', 'Grade 9', 'Mainaga', NULL, '"2025-11-29T10:56:29.761Z"'),
(5284, 65, 'Daniel Bello', 'Grade 3', 'Others', NULL, '"2025-11-29T10:56:29.761Z"'),
(5285, 65, 'John Cruz', 'Grade 8', 'Mainaga', NULL, '"2025-11-29T10:56:29.761Z"'),
(5286, 65, 'Ella Dela Cruz', 'Non-Grade', 'Mainaga', NULL, '"2025-11-29T10:56:29.761Z"'),
(5287, 65, 'Lara Reyes', 'Non-Grade', 'Others', NULL, '"2025-11-29T10:56:29.761Z"'),
(5288, 65, 'John Flores', 'Grade 3', 'Others', NULL, '"2025-11-29T10:56:29.761Z"'),
(5289, 65, 'Lara Garcia', 'Grade 3', 'Calamias', NULL, '"2025-11-29T10:56:29.761Z"'),
(5290, 65, 'David Mendoza', 'Grade 9', 'Mainaga', NULL, '"2025-11-29T10:56:29.761Z"'),
(5291, 65, 'James Villanueva', 'Grade 8', 'San Francisco', NULL, '"2025-11-29T10:56:29.761Z"'),
(5292, 65, 'James Flores', 'Grade 9', 'San Francisco', NULL, '"2025-11-29T10:56:29.761Z"'),
(5293, 65, 'David Bello', 'Grade 2', 'San Francisco', NULL, '"2025-11-29T10:56:29.761Z"'),
(5294, 65, 'Joshua Torres', 'Grade 9', 'Mainaga', NULL, '"2025-11-29T10:56:29.761Z"'),
(5295, 65, 'Grace Flores', 'Grade 5', 'Calamias', NULL, '"2025-11-29T10:56:29.761Z"'),
(5296, 65, 'Sofia Reyes', 'Grade 5', 'Mainaga', NULL, '"2025-11-29T10:56:29.761Z"'),
(5297, 65, 'Joshua Garcia', 'Grade 6', 'Others', NULL, '"2025-11-29T10:56:29.761Z"'),
(5298, 65, 'Lara Villanueva', 'Non-Grade', 'Calamias', NULL, '"2025-11-29T10:56:29.761Z"'),
(5299, 65, 'Joshua Villanueva', 'Grade 3', 'Calamias', NULL, '"2025-11-29T10:56:29.761Z"'),
(5300, 65, 'John Bello', 'Non-Grade', 'Mainaga', NULL, '"2025-11-29T10:56:29.761Z"'),
(5301, 65, 'Ana Villanueva', 'Grade 1', 'Mainaga', NULL, '"2025-11-29T10:56:29.761Z"'),
(5302, 65, 'Grace Garcia', 'Non-Grade', 'San Francisco', NULL, '"2025-11-29T10:56:29.761Z"'),
(5303, 65, 'Mary Torres', 'Grade 1', 'Calamias', NULL, '"2025-11-29T10:56:29.761Z"'),
(5304, 65, 'Daniel Flores', 'Grade 5', 'Mainaga', NULL, '"2025-11-29T10:56:29.761Z"'),
(5305, 65, 'Ella Flores', 'Non-Grade', 'Mainaga', NULL, '"2025-11-29T10:56:29.761Z"'),
(5306, 65, 'Ana Santos', 'Grade 4', 'Calamias', NULL, '"2025-11-29T10:56:29.761Z"'),
(5307, 65, 'Sofia Cruz', 'Grade 7', 'San Francisco', NULL, '"2025-11-29T10:56:29.761Z"'),
(5308, 65, 'Lara Garcia', 'Grade 5', 'Calamias', NULL, '"2025-11-29T10:56:29.761Z"'),
(5309, 65, 'Lara Reyes', 'Grade 9', 'Mainaga', NULL, '"2025-11-29T10:56:29.761Z"'),
(5310, 65, 'Mark Dela Cruz', 'Grade 8', 'Mainaga', NULL, '"2025-11-29T10:56:29.761Z"'),
(5311, 65, 'Sofia Garcia', 'Grade 3', 'Mainaga', NULL, '"2025-11-29T10:56:29.761Z"'),
(5312, 65, 'Mary Aquino', 'Grade 6', 'Others', NULL, '"2025-11-29T10:56:29.761Z"'),
(5313, 65, 'James Santos', 'Grade 9', 'Mainaga', NULL, '"2025-11-29T10:56:29.761Z"'),
(5314, 66, 'Skirk, Cryo Fontaine ', 'Kinder - angel', 'San Francisco', 'Cheryl Dechosa', '"2025-11-29T11:16:08.312Z"'),
(5315, 66, 'qqqqq, qqqq qqqqq ', 'Kinder - angel', 'San Francisco', 'Cheryl Dechosa', '"2025-11-29T11:16:08.312Z"'),
(5316, 67, 'Skirk, Cryo Fontaine ', 'Kinder - angel', 'San Francisco', 'Cheryl Dechosa', '"2025-11-30T10:14:55.045Z"');

-- Table: "sections"
CREATE TABLE "sections" (
  "id" integer DEFAULT nextval('sections_id_seq'::regclass) NOT NULL,
  "section_name" character varying(100) NOT NULL,
  "grade_level" character varying(50) NOT NULL,
  "max_capacity" integer DEFAULT 40,
  "current_count" integer DEFAULT 0,
  "adviser_name" character varying(200),
  "room_number" character varying(50),
  "is_active" boolean DEFAULT true,
  "created_at" timestamp without time zone DEFAULT CURRENT_TIMESTAMP,
  "updated_at" timestamp without time zone DEFAULT CURRENT_TIMESTAMP,
  "adviser_teacher_id" integer,
  "section_code" character varying(50),
  "academic_year" character varying(20),
  "semester" character varying(20),
  PRIMARY KEY ("id")
);

INSERT INTO "sections" ("id", "section_name", "grade_level", "max_capacity", "current_count", "adviser_name", "room_number", "is_active", "created_at", "updated_at", "adviser_teacher_id", "section_code", "academic_year", "semester") VALUES
(3, 'Kinder - lily', 'Kindergarten', 40, 0, NULL, NULL, true, '"2025-10-23T05:44:16.231Z"', '"2025-10-23T05:44:16.231Z"', NULL, NULL, NULL, NULL),
(7, 'Grade 2 - camia', 'Grade 2', 40, 0, NULL, NULL, true, '"2025-10-23T05:44:16.240Z"', '"2025-10-23T05:44:16.240Z"', NULL, NULL, NULL, NULL),
(18, 'Non-Graded - tulips', 'Non-Graded', 40, 0, NULL, NULL, true, '"2025-10-23T05:44:16.257Z"', '"2025-11-19T05:34:34.604Z"', NULL, NULL, NULL, NULL),
(14, 'Grade 5 - blueberry', 'Grade 5', 40, 0, NULL, NULL, true, '"2025-10-23T05:44:16.252Z"', '"2025-10-31T10:52:51.548Z"', NULL, NULL, NULL, NULL),
(20, 'Grade 4 - sampaguita', 'Grade 4', 40, 0, NULL, NULL, true, '"2025-10-31T11:03:21.239Z"', '"2025-10-31T11:03:21.239Z"', NULL, NULL, NULL, NULL),
(4, 'Kinder - santan', 'Kindergarten', 40, 0, NULL, NULL, true, '"2025-10-23T05:44:16.233Z"', '"2025-10-23T05:44:16.233Z"', NULL, NULL, NULL, NULL),
(5, 'Grade 1 - rosal', 'Grade 1', 40, 0, NULL, NULL, true, '"2025-10-23T05:44:16.235Z"', '"2025-10-23T05:44:16.235Z"', NULL, NULL, NULL, NULL),
(6, 'Grade 1 - rose', 'Grade 1', 40, 0, NULL, NULL, true, '"2025-10-23T05:44:16.239Z"', '"2025-10-23T05:44:16.239Z"', NULL, NULL, NULL, NULL),
(8, 'Grade 2 - daisy', 'Grade 2', 40, 0, NULL, NULL, true, '"2025-10-23T05:44:16.243Z"', '"2025-10-23T05:44:16.243Z"', NULL, NULL, NULL, NULL),
(9, 'Grade 2 - lirio', 'Grade 2', 40, 0, NULL, NULL, true, '"2025-10-23T05:44:16.245Z"', '"2025-10-23T05:44:16.245Z"', NULL, NULL, NULL, NULL),
(10, 'Grade 3 - adelfa', 'Grade 3', 40, 0, NULL, NULL, true, '"2025-10-23T05:44:16.247Z"', '"2025-10-23T05:44:16.247Z"', NULL, NULL, NULL, NULL),
(11, 'Grade 3 - orchids', 'Grade 3', 40, 0, NULL, NULL, true, '"2025-10-23T05:44:16.248Z"', '"2025-10-23T05:44:16.248Z"', NULL, NULL, NULL, NULL),
(12, 'Grade 4 - ilang-ilang', 'Grade 4', 40, 0, NULL, NULL, true, '"2025-10-23T05:44:16.250Z"', '"2025-10-23T05:44:16.250Z"', NULL, NULL, NULL, NULL),
(15, 'Grade 5 - everlasting', 'Grade 5', 40, 0, NULL, NULL, true, '"2025-10-23T05:44:16.254Z"', '"2025-10-23T05:44:16.254Z"', NULL, NULL, NULL, NULL),
(16, 'Grade 6 - cattleya', 'Grade 6', 40, 0, NULL, NULL, true, '"2025-10-23T05:44:16.255Z"', '"2025-10-23T05:44:16.255Z"', NULL, NULL, NULL, NULL),
(17, 'Grade 6 - sunflower', 'Grade 6', 40, 0, NULL, NULL, true, '"2025-10-23T05:44:16.256Z"', '"2025-11-07T23:30:13.576Z"', NULL, NULL, NULL, NULL),
(1, 'Kinder - angel', 'Kindergarten', 40, 1, 'Cheryl Dechosa', '101', true, '"2025-10-23T05:44:16.206Z"', '"2025-12-01T06:46:21.691Z"', 8, NULL, NULL, NULL),
(2, 'Kinder - dahlia', 'Kindergarten', 40, 0, NULL, NULL, true, '"2025-10-23T05:44:16.229Z"', '"2025-11-22T11:50:15.608Z"', NULL, NULL, NULL, NULL);

-- Table: "section_snapshots_json"
CREATE TABLE "section_snapshots_json" (
  "id" integer DEFAULT nextval('section_snapshots_json_id_seq'::regclass) NOT NULL,
  "snapshot_name" text NOT NULL,
  "payload" jsonb,
  "created_at" timestamp without time zone DEFAULT CURRENT_TIMESTAMP,
  PRIMARY KEY ("id")
);

INSERT INTO "section_snapshots_json" ("id", "snapshot_name", "payload", "created_at") VALUES
(1, '2025-2026', '{"name":"2025-2026","rows":[{"count":"0","section_id":5,"grade_level":"Grade 1","adviser_name":null,"section_name":"Grade 1 - rosal"},{"count":"0","section_id":6,"grade_level":"Grade 1","adviser_name":null,"section_name":"Grade 1 - rose"},{"count":"0","section_id":7,"grade_level":"Grade 2","adviser_name":null,"section_name":"Grade 2 - camia"},{"count":"0","section_id":8,"grade_level":"Grade 2","adviser_name":null,"section_name":"Grade 2 - daisy"},{"count":"0","section_id":9,"grade_level":"Grade 2","adviser_name":null,"section_name":"Grade 2 - lirio"},{"count":"0","section_id":10,"grade_level":"Grade 3","adviser_name":null,"section_name":"Grade 3 - adelfa"},{"count":"0","section_id":11,"grade_level":"Grade 3","adviser_name":null,"section_name":"Grade 3 - orchids"},{"count":"0","section_id":12,"grade_level":"Grade 4","adviser_name":null,"section_name":"Grade 4 - ilang-ilang"},{"count":"0","section_id":20,"grade_level":"Grade 4","adviser_name":null,"section_name":"Grade 4 - sampaguita"},{"count":"0","section_id":14,"grade_level":"Grade 5","adviser_name":null,"section_name":"Grade 5 - blueberry"},{"count":"0","section_id":15,"grade_level":"Grade 5","adviser_name":null,"section_name":"Grade 5 - everlasting"},{"count":"0","section_id":16,"grade_level":"Grade 6","adviser_name":null,"section_name":"Grade 6 - cattleya"},{"count":"0","section_id":17,"grade_level":"Grade 6","adviser_name":null,"section_name":"Grade 6 - sunflower"},{"count":"2","section_id":1,"grade_level":"Kindergarten","adviser_name":"Cheryl Dechosa Bello","section_name":"Kinder - angel"},{"count":"0","section_id":2,"grade_level":"Kindergarten","adviser_name":null,"section_name":"Kinder - dahlia"},{"count":"0","section_id":3,"grade_level":"Kindergarten","adviser_name":null,"section_name":"Kinder - lily"},{"count":"0","section_id":4,"grade_level":"Kindergarten","adviser_name":null,"section_name":"Kinder - santan"},{"count":"0","section_id":18,"grade_level":"Non-Graded","adviser_name":null,"section_name":"Non-Graded - tulips"}],"totals":{"total_students":2,"total_teachers":1}}', '"2025-11-22T13:46:07.558Z"');

-- Table: "section_snapshots"
CREATE TABLE "section_snapshots" (
  "id" integer DEFAULT nextval('section_snapshots_id_seq'::regclass) NOT NULL,
  "snapshot_name" text NOT NULL,
  "section_id" integer,
  "section_name" text,
  "grade_level" text,
  "count" integer,
  "created_at" timestamp without time zone DEFAULT CURRENT_TIMESTAMP,
  PRIMARY KEY ("id")
);

INSERT INTO "section_snapshots" ("id", "snapshot_name", "section_id", "section_name", "grade_level", "count", "created_at") VALUES
(1, '2025-2026', 18, 'Non-Graded - tulips', 'Non-Graded', 0, '"2025-11-22T13:04:50.254Z"'),
(2, '2025-2026', 14, 'Grade 5 - blueberry', 'Grade 5', 0, '"2025-11-22T13:04:50.254Z"'),
(3, '2025-2026', 20, 'Grade 4 - sampaguita', 'Grade 4', 0, '"2025-11-22T13:04:50.254Z"'),
(4, '2025-2026', 1, 'Kinder - angel', 'Kindergarten', 0, '"2025-11-22T13:04:50.254Z"'),
(5, '2025-2026', 4, 'Kinder - santan', 'Kindergarten', 0, '"2025-11-22T13:04:50.254Z"'),
(6, '2025-2026', 5, 'Grade 1 - rosal', 'Grade 1', 0, '"2025-11-22T13:04:50.254Z"'),
(7, '2025-2026', 6, 'Grade 1 - rose', 'Grade 1', 0, '"2025-11-22T13:04:50.254Z"'),
(8, '2025-2026', 7, 'Grade 2 - camia', 'Grade 2', 0, '"2025-11-22T13:04:50.254Z"'),
(9, '2025-2026', 8, 'Grade 2 - daisy', 'Grade 2', 0, '"2025-11-22T13:04:50.254Z"'),
(10, '2025-2026', 9, 'Grade 2 - lirio', 'Grade 2', 0, '"2025-11-22T13:04:50.254Z"'),
(11, '2025-2026', 10, 'Grade 3 - adelfa', 'Grade 3', 0, '"2025-11-22T13:04:50.254Z"'),
(12, '2025-2026', 11, 'Grade 3 - orchids', 'Grade 3', 0, '"2025-11-22T13:04:50.254Z"'),
(13, '2025-2026', 12, 'Grade 4 - ilang-ilang', 'Grade 4', 0, '"2025-11-22T13:04:50.254Z"'),
(14, '2025-2026', 15, 'Grade 5 - everlasting', 'Grade 5', 0, '"2025-11-22T13:04:50.254Z"'),
(15, '2025-2026', 16, 'Grade 6 - cattleya', 'Grade 6', 0, '"2025-11-22T13:04:50.254Z"'),
(16, '2025-2026', 3, 'Kinder - lily', 'Kindergarten', 0, '"2025-11-22T13:04:50.254Z"'),
(17, '2025-2026', 17, 'Grade 6 - sunflower', 'Grade 6', 0, '"2025-11-22T13:04:50.254Z"'),
(18, '2025-2026', 2, 'Kinder - dahlia', 'Kindergarten', 0, '"2025-11-22T13:04:50.254Z"'),
(19, '2025-2026', 18, 'Non-Graded - tulips', 'Non-Graded', 0, '"2025-11-22T14:03:06.533Z"'),
(20, '2025-2026', 14, 'Grade 5 - blueberry', 'Grade 5', 0, '"2025-11-22T14:03:06.533Z"'),
(21, '2025-2026', 20, 'Grade 4 - sampaguita', 'Grade 4', 0, '"2025-11-22T14:03:06.533Z"'),
(22, '2025-2026', 4, 'Kinder - santan', 'Kindergarten', 0, '"2025-11-22T14:03:06.533Z"'),
(23, '2025-2026', 5, 'Grade 1 - rosal', 'Grade 1', 0, '"2025-11-22T14:03:06.533Z"'),
(24, '2025-2026', 6, 'Grade 1 - rose', 'Grade 1', 0, '"2025-11-22T14:03:06.533Z"'),
(25, '2025-2026', 7, 'Grade 2 - camia', 'Grade 2', 0, '"2025-11-22T14:03:06.533Z"'),
(26, '2025-2026', 8, 'Grade 2 - daisy', 'Grade 2', 0, '"2025-11-22T14:03:06.533Z"'),
(27, '2025-2026', 9, 'Grade 2 - lirio', 'Grade 2', 0, '"2025-11-22T14:03:06.533Z"'),
(28, '2025-2026', 10, 'Grade 3 - adelfa', 'Grade 3', 0, '"2025-11-22T14:03:06.533Z"'),
(29, '2025-2026', 11, 'Grade 3 - orchids', 'Grade 3', 0, '"2025-11-22T14:03:06.533Z"'),
(30, '2025-2026', 12, 'Grade 4 - ilang-ilang', 'Grade 4', 0, '"2025-11-22T14:03:06.533Z"'),
(31, '2025-2026', 15, 'Grade 5 - everlasting', 'Grade 5', 0, '"2025-11-22T14:03:06.533Z"'),
(32, '2025-2026', 16, 'Grade 6 - cattleya', 'Grade 6', 0, '"2025-11-22T14:03:06.533Z"'),
(33, '2025-2026', 3, 'Kinder - lily', 'Kindergarten', 0, '"2025-11-22T14:03:06.533Z"'),
(34, '2025-2026', 17, 'Grade 6 - sunflower', 'Grade 6', 0, '"2025-11-22T14:03:06.533Z"'),
(35, '2025-2026', 2, 'Kinder - dahlia', 'Kindergarten', 0, '"2025-11-22T14:03:06.533Z"'),
(36, '2025-2026', 1, 'Kinder - angel', 'Kindergarten', 2, '"2025-11-22T14:03:06.533Z"'),
(37, '2025 - 2026', 18, 'Non-Graded - tulips', 'Non-Graded', 0, '"2025-11-24T17:21:50.857Z"'),
(38, '2025 - 2026', 14, 'Grade 5 - blueberry', 'Grade 5', 0, '"2025-11-24T17:21:50.857Z"'),
(39, '2025 - 2026', 20, 'Grade 4 - sampaguita', 'Grade 4', 0, '"2025-11-24T17:21:50.857Z"'),
(40, '2025 - 2026', 2, 'Kinder - dahlia', 'Kindergarten', 0, '"2025-11-24T17:21:50.857Z"'),
(41, '2025 - 2026', 1, 'Kinder - angel', 'Kindergarten', 1, '"2025-11-24T17:21:50.857Z"'),
(42, '2025 - 2026', 4, 'Kinder - santan', 'Kindergarten', 0, '"2025-11-24T17:21:50.857Z"'),
(43, '2025 - 2026', 5, 'Grade 1 - rosal', 'Grade 1', 0, '"2025-11-24T17:21:50.857Z"'),
(44, '2025 - 2026', 6, 'Grade 1 - rose', 'Grade 1', 0, '"2025-11-24T17:21:50.857Z"'),
(45, '2025 - 2026', 7, 'Grade 2 - camia', 'Grade 2', 0, '"2025-11-24T17:21:50.857Z"'),
(46, '2025 - 2026', 8, 'Grade 2 - daisy', 'Grade 2', 0, '"2025-11-24T17:21:50.857Z"'),
(47, '2025 - 2026', 9, 'Grade 2 - lirio', 'Grade 2', 0, '"2025-11-24T17:21:50.857Z"'),
(48, '2025 - 2026', 10, 'Grade 3 - adelfa', 'Grade 3', 0, '"2025-11-24T17:21:50.857Z"'),
(49, '2025 - 2026', 11, 'Grade 3 - orchids', 'Grade 3', 0, '"2025-11-24T17:21:50.857Z"'),
(50, '2025 - 2026', 12, 'Grade 4 - ilang-ilang', 'Grade 4', 0, '"2025-11-24T17:21:50.857Z"'),
(51, '2025 - 2026', 15, 'Grade 5 - everlasting', 'Grade 5', 0, '"2025-11-24T17:21:50.857Z"'),
(52, '2025 - 2026', 16, 'Grade 6 - cattleya', 'Grade 6', 0, '"2025-11-24T17:21:50.857Z"'),
(53, '2025 - 2026', 17, 'Grade 6 - sunflower', 'Grade 6', 0, '"2025-11-24T17:21:50.857Z"'),
(54, '2025 - 2026', 3, 'Kinder - lily', 'Kindergarten', 0, '"2025-11-24T17:21:50.857Z"'),
(55, '1990 - 1991', 18, 'Non-Graded - tulips', 'Non-Graded', 0, '"2025-11-28T03:20:06.631Z"'),
(56, '1990 - 1991', 14, 'Grade 5 - blueberry', 'Grade 5', 0, '"2025-11-28T03:20:06.631Z"'),
(57, '1990 - 1991', 20, 'Grade 4 - sampaguita', 'Grade 4', 0, '"2025-11-28T03:20:06.631Z"'),
(58, '1990 - 1991', 2, 'Kinder - dahlia', 'Kindergarten', 0, '"2025-11-28T03:20:06.631Z"'),
(59, '1990 - 1991', 1, 'Kinder - angel', 'Kindergarten', 3, '"2025-11-28T03:20:06.631Z"'),
(60, '1990 - 1991', 4, 'Kinder - santan', 'Kindergarten', 0, '"2025-11-28T03:20:06.631Z"'),
(61, '1990 - 1991', 5, 'Grade 1 - rosal', 'Grade 1', 0, '"2025-11-28T03:20:06.631Z"'),
(62, '1990 - 1991', 6, 'Grade 1 - rose', 'Grade 1', 0, '"2025-11-28T03:20:06.631Z"'),
(63, '1990 - 1991', 7, 'Grade 2 - camia', 'Grade 2', 0, '"2025-11-28T03:20:06.631Z"'),
(64, '1990 - 1991', 8, 'Grade 2 - daisy', 'Grade 2', 0, '"2025-11-28T03:20:06.631Z"'),
(65, '1990 - 1991', 9, 'Grade 2 - lirio', 'Grade 2', 0, '"2025-11-28T03:20:06.631Z"'),
(66, '1990 - 1991', 10, 'Grade 3 - adelfa', 'Grade 3', 0, '"2025-11-28T03:20:06.631Z"'),
(67, '1990 - 1991', 11, 'Grade 3 - orchids', 'Grade 3', 0, '"2025-11-28T03:20:06.631Z"'),
(68, '1990 - 1991', 12, 'Grade 4 - ilang-ilang', 'Grade 4', 0, '"2025-11-28T03:20:06.631Z"'),
(69, '1990 - 1991', 15, 'Grade 5 - everlasting', 'Grade 5', 0, '"2025-11-28T03:20:06.631Z"'),
(70, '1990 - 1991', 16, 'Grade 6 - cattleya', 'Grade 6', 0, '"2025-11-28T03:20:06.631Z"'),
(71, '1990 - 1991', 17, 'Grade 6 - sunflower', 'Grade 6', 0, '"2025-11-28T03:20:06.631Z"'),
(72, '1990 - 1991', 3, 'Kinder - lily', 'Kindergarten', 0, '"2025-11-28T03:20:06.631Z"');

-- Table: "section_snapshot_students"
CREATE TABLE "section_snapshot_students" (
  "id" integer DEFAULT nextval('section_snapshot_students_id_seq'::regclass) NOT NULL,
  "group_id" integer,
  "section_id" integer,
  "section_name" text,
  "student_name" text,
  "current_address" text,
  "barangay" text,
  PRIMARY KEY ("id")
);

-- Table: "section_snapshot_items"
CREATE TABLE "section_snapshot_items" (
  "id" integer DEFAULT nextval('section_snapshot_items_id_seq'::regclass) NOT NULL,
  "group_id" integer,
  "section_id" integer,
  "section_name" text,
  "grade_level" text,
  "count" integer,
  "adviser_name" text,
  PRIMARY KEY ("id")
);

INSERT INTO "section_snapshot_items" ("id", "group_id", "section_id", "section_name", "grade_level", "count", "adviser_name") VALUES
(902, 65, NULL, 'Grade 7', 'Grade 7', 64, NULL),
(903, 65, NULL, 'Non-Grade', 'Non-Grade', 68, NULL),
(904, 65, NULL, 'Grade 8', 'Grade 8', 73, NULL),
(905, 65, NULL, 'Grade 9', 'Grade 9', 83, NULL),
(906, 65, NULL, 'Grade 2', 'Grade 2', 60, NULL),
(907, 65, NULL, 'Grade 6', 'Grade 6', 68, NULL),
(908, 65, NULL, 'Kinder', 'Kinder', 63, NULL),
(909, 65, NULL, 'Grade 5', 'Grade 5', 74, NULL),
(910, 65, NULL, 'Grade 3', 'Grade 3', 69, NULL),
(911, 65, NULL, 'Grade 1', 'Grade 1', 64, NULL),
(912, 65, NULL, 'Grade 4', 'Grade 4', 70, NULL),
(913, 66, NULL, 'Kinder - angel', 'Kinder - angel', 2, NULL),
(914, 67, NULL, 'Kinder - angel', 'Kinder - angel', 1, NULL),
(933, 69, 3, 'Kinder - lily', 'Kindergarten', 0, NULL),
(934, 69, 7, 'Grade 2 - camia', 'Grade 2', 0, NULL),
(935, 69, 18, 'Non-Graded - tulips', 'Non-Graded', 0, NULL),
(936, 69, 14, 'Grade 5 - blueberry', 'Grade 5', 0, NULL),
(937, 69, 20, 'Grade 4 - sampaguita', 'Grade 4', 0, NULL),
(938, 69, 4, 'Kinder - santan', 'Kindergarten', 0, NULL),
(939, 69, 5, 'Grade 1 - rosal', 'Grade 1', 0, NULL),
(940, 69, 6, 'Grade 1 - rose', 'Grade 1', 0, NULL),
(941, 69, 8, 'Grade 2 - daisy', 'Grade 2', 0, NULL),
(942, 69, 9, 'Grade 2 - lirio', 'Grade 2', 0, NULL),
(943, 69, 10, 'Grade 3 - adelfa', 'Grade 3', 0, NULL),
(944, 69, 11, 'Grade 3 - orchids', 'Grade 3', 0, NULL),
(945, 69, 12, 'Grade 4 - ilang-ilang', 'Grade 4', 0, NULL),
(946, 69, 15, 'Grade 5 - everlasting', 'Grade 5', 0, NULL),
(947, 69, 16, 'Grade 6 - cattleya', 'Grade 6', 0, NULL),
(948, 69, 17, 'Grade 6 - sunflower', 'Grade 6', 0, NULL),
(949, 69, 1, 'Kinder - angel', 'Kindergarten', 1, 'Cheryl Dechosa'),
(950, 69, 2, 'Kinder - dahlia', 'Kindergarten', 0, NULL);

-- Table: "section_snapshot_groups"
CREATE TABLE "section_snapshot_groups" (
  "id" integer DEFAULT nextval('section_snapshot_groups_id_seq'::regclass) NOT NULL,
  "snapshot_name" text NOT NULL,
  "created_by" integer,
  "is_archived" boolean DEFAULT false,
  "created_at" timestamp without time zone DEFAULT CURRENT_TIMESTAMP,
  PRIMARY KEY ("id")
);

INSERT INTO "section_snapshot_groups" ("id", "snapshot_name", "created_by", "is_archived", "created_at") VALUES
(65, 'sdkas', 2, false, '"2025-11-29T10:56:29.761Z"'),
(66, 'qqq', 2, false, '"2025-11-29T11:16:08.312Z"'),
(67, 'mmmm', 2, false, '"2025-11-30T10:14:55.045Z"'),
(69, '44', 2, false, '"2025-12-01T06:58:16.439Z"');

-- Table: "section_counts_history"
CREATE TABLE "section_counts_history" (
  "id" integer DEFAULT nextval('section_counts_history_id_seq'::regclass) NOT NULL,
  "section_id" integer NOT NULL,
  "school_year" character varying(20) NOT NULL,
  "recorded_count" integer NOT NULL,
  "recorded_at" timestamp without time zone DEFAULT CURRENT_TIMESTAMP,
  PRIMARY KEY ("id")
);

-- Table: "registraraccount"
CREATE TABLE "registraraccount" (
  "id" integer DEFAULT nextval('registraraccount_id_seq'::regclass) NOT NULL,
  "fullname" character varying(100) NOT NULL,
  "username" character varying(50) NOT NULL,
  "password" character varying(255) NOT NULL,
  PRIMARY KEY ("id")
);

INSERT INTO "registraraccount" ("id", "fullname", "username", "password") VALUES
(5, 'registrar2025', 'registrar2025', '$2b$10$k0DCnmAoG0yolXFK5Pw/P.zBsAvC258qGbLqtjlJ3LSOnaBVrRHlu');

-- Table: "registrar_accounts"
CREATE TABLE "registrar_accounts" (
  "id" integer DEFAULT nextval('registrar_accounts_id_seq'::regclass) NOT NULL,
  "user_id" integer,
  "registrar_id" character varying(50),
  "office_name" character varying(100),
  "is_active" boolean DEFAULT true,
  "created_at" timestamp without time zone DEFAULT CURRENT_TIMESTAMP,
  "updated_at" timestamp without time zone DEFAULT CURRENT_TIMESTAMP,
  PRIMARY KEY ("id")
);

-- Table: "notifications"
CREATE TABLE "notifications" (
  "id" integer DEFAULT nextval('notifications_id_seq'::regclass) NOT NULL,
  "user_id" integer,
  "user_role" character varying(50),
  "notification_type" character varying(100),
  "title" character varying(255),
  "message" text,
  "is_read" boolean DEFAULT false,
  "link" character varying(255),
  "read_at" timestamp without time zone,
  "created_at" timestamp without time zone DEFAULT CURRENT_TIMESTAMP,
  PRIMARY KEY ("id")
);

-- Table: "messaging"
CREATE TABLE "messaging" (
  "id" integer DEFAULT nextval('messaging_id_seq'::regclass) NOT NULL,
  "sender_id" integer,
  "sender_role" character varying(50),
  "recipient_id" integer,
  "recipient_role" character varying(50),
  "message" text,
  "is_read" boolean DEFAULT false,
  "created_at" timestamp without time zone DEFAULT CURRENT_TIMESTAMP,
  PRIMARY KEY ("id")
);

-- Table: "login_logs"
CREATE TABLE "login_logs" (
  "id" integer DEFAULT nextval('login_logs_id_seq'::regclass) NOT NULL,
  "user_id" integer,
  "username" character varying(255),
  "role" character varying(50),
  "ip_address" character varying(50),
  "user_agent" text,
  "login_status" character varying(50),
  "failed_attempts" integer DEFAULT 0,
  "created_at" timestamp without time zone DEFAULT CURRENT_TIMESTAMP,
  PRIMARY KEY ("id")
);

-- Table: "guidance_teacher_messages"
CREATE TABLE "guidance_teacher_messages" (
  "id" integer DEFAULT nextval('guidance_teacher_messages_id_seq'::regclass) NOT NULL,
  "guidance_id" integer NOT NULL,
  "teacher_id" integer NOT NULL,
  "student_id" integer,
  "message" text NOT NULL,
  "is_read" boolean DEFAULT false,
  "created_at" timestamp without time zone DEFAULT CURRENT_TIMESTAMP,
  "is_archived" boolean DEFAULT false,
  PRIMARY KEY ("id")
);

-- Table: "guidance_accounts"
CREATE TABLE "guidance_accounts" (
  "id" integer DEFAULT nextval('guidance_accounts_id_seq'::regclass) NOT NULL,
  "fullname" character varying(100) NOT NULL,
  "username" character varying(50) NOT NULL,
  "password" character varying(255) NOT NULL,
  "email" character varying(100),
  "contact_number" character varying(20),
  "is_active" boolean DEFAULT true,
  "created_at" timestamp without time zone DEFAULT CURRENT_TIMESTAMP,
  "updated_at" timestamp without time zone DEFAULT CURRENT_TIMESTAMP,
  PRIMARY KEY ("id")
);

INSERT INTO "guidance_accounts" ("id", "fullname", "username", "password", "email", "contact_number", "is_active", "created_at", "updated_at") VALUES
(3, 'Guidance Counselor', 'Guidance_Counselor01', '$2b$10$2XvlfRFDRUNoPjogP8eVmukb57BgfLm.2g1ERYGKPszsJ89Kziyzi', 'Guidance@Counselor.com', '09374596554', true, '"2025-11-23T03:36:08.669Z"', '"2025-11-23T03:36:08.669Z"');

-- Table: "enrollment_requests"
CREATE TABLE "enrollment_requests" (
  "id" integer DEFAULT nextval('enrollment_requests_id_seq'::regclass) NOT NULL,
  "request_token" character varying(20) NOT NULL,
  "status" character varying(20) DEFAULT 'pending'::character varying,
  "gmail_address" character varying(255) NOT NULL,
  "school_year" character varying(50) NOT NULL,
  "lrn" character varying(50),
  "grade_level" character varying(50) NOT NULL,
  "last_name" character varying(100) NOT NULL,
  "first_name" character varying(100) NOT NULL,
  "middle_name" character varying(100),
  "ext_name" character varying(50),
  "birthday" date NOT NULL,
  "age" integer NOT NULL,
  "sex" character varying(20) NOT NULL,
  "religion" character varying(100),
  "current_address" text NOT NULL,
  "ip_community" character varying(50) NOT NULL,
  "ip_community_specify" character varying(100),
  "pwd" character varying(50) NOT NULL,
  "pwd_specify" character varying(100),
  "father_name" character varying(200),
  "mother_name" character varying(200),
  "guardian_name" character varying(200),
  "contact_number" character varying(50),
  "registration_date" date NOT NULL,
  "printed_name" character varying(200) NOT NULL,
  "signature_image_path" text,
  "created_at" timestamp without time zone DEFAULT CURRENT_TIMESTAMP,
  "updated_at" timestamp without time zone DEFAULT CURRENT_TIMESTAMP,
  "reviewed_by" integer,
  "reviewed_at" timestamp without time zone,
  "rejection_reason" text,
  PRIMARY KEY ("id")
);

INSERT INTO "enrollment_requests" ("id", "request_token", "status", "gmail_address", "school_year", "lrn", "grade_level", "last_name", "first_name", "middle_name", "ext_name", "birthday", "age", "sex", "religion", "current_address", "ip_community", "ip_community_specify", "pwd", "pwd_specify", "father_name", "mother_name", "guardian_name", "contact_number", "registration_date", "printed_name", "signature_image_path", "created_at", "updated_at", "reviewed_by", "reviewed_at", "rejection_reason") VALUES
(19, 'FNRR-NAND-SWEJ', 'approved', 'johnrenzo11@gmail.com', '2025 - 2026', NULL, 'Grade 2', 'Macalin', 'Renzo', 'Grab', 'Jr.', '"2013-12-31T16:00:00.000Z"', 21, 'Male', 'Roman Catholic', 'San Francisco , Mabini, Batangas', 'No', '', 'No', '', 'Macalin Renzer Grab', NULL, NULL, '09983453445', '"2025-11-19T16:00:00.000Z"', 'Renzer G. Macalin', '/uploads/signatures/signature-1763599226551-444626175.png', '"2025-11-20T00:40:27.011Z"', '"2025-11-30T12:05:03.045Z"', NULL, '"2025-11-20T06:12:43.096Z"', NULL),
(20, 'S5QY-3265-B43N', 'approved', 'asa@gmail.com', '2025 - 2026', '111111111111', 'Grade 1', '1', '1', '1', NULL, '"2025-11-23T16:00:00.000Z"', 14, 'Male', 'Roman Catholic', 'San Juan, Mabini, Batangas', 'No', '', 'No', '', '1 1 1 1', '1 1 1 1', '1 1 1 1', '09456433445', '"2025-11-23T16:00:00.000Z"', '1', '/uploads/signatures/signature-1763994613804-98595783.png', '"2025-11-24T14:30:14.311Z"', '"2025-11-30T12:05:03.045Z"', NULL, '"2025-11-24T15:59:34.180Z"', NULL),
(21, 'Y9T2-WGZJ-P6PX', 'approved', 'jamezbello93@gmail.com', '2025 - 2026', NULL, 'Grade 7', 'ndks', 'mxkskis', 'mksks', NULL, '"2025-11-25T16:00:00.000Z"', 1, 'Male', 'jkk', 'San juan, Mabini, Batangas', 'No', '', 'No', '', 'rome crist bret', NULL, NULL, '09483473445', '"2025-11-25T16:00:00.000Z"', 'rome crist', '/uploads/signatures/signature-1764139337145-476157140.png', '"2025-11-26T06:42:18.088Z"', '"2025-11-30T12:05:03.045Z"', NULL, '"2025-11-26T06:42:36.738Z"', NULL),
(23, 'TAM8-8YKK-ANG3', 'approved', 'jamezbello93@gmail.com', '2025 - 2026', '222222222222', 'Grade 4', 'clksa', 'csafcaw', 'vae', NULL, '"2025-11-26T16:00:00.000Z"', 33, 'Male', 'vsef', 'San Juan, mabini, bats', 'No', '', 'No', '', 'cwaca cac vaevea', 'ca vadas cc', 'faw fsed fe', '09345675443', '"2025-11-26T16:00:00.000Z"', 'jvha', '/uploads/signatures/signature-1764220937867-595210363.png', '"2025-11-27T05:22:17.965Z"', '"2025-11-30T12:05:03.045Z"', NULL, '"2025-11-27T05:23:28.781Z"', NULL),
(24, 'B62D-MTVW-XHP7', 'approved', 'jamezbello93@gmail.com', '2025 - 2026', '333333333333', 'Kinder', 'qqqqq', 'qqqq', 'qqqqq', NULL, '"2025-11-28T16:00:00.000Z"', 22, 'Male', 'Religion 4a', 'San Francisco, csafaf, sdawf', 'No', '', 'No', '', 'csac csac adc', NULL, NULL, '09343244556', '"2025-11-28T16:00:00.000Z"', 'sdawf', '/uploads/signatures/signature-1764378493451-32306659.png', '"2025-11-29T01:08:14.041Z"', '"2025-11-30T12:05:03.045Z"', NULL, '"2025-11-29T01:09:33.952Z"', NULL),
(22, 'X3A2-2BYH-T3PW', 'approved', 'flwafwa@gmail.com', '2025 - 2026', '222222222222', 'Grade 3', 'dowia', 'ljdhwaf', 'lcjshz', NULL, '"2025-11-25T16:00:00.000Z"', 33, 'Male', 'vljdh', 'idfayse, hifa, khghaf', 'No', '', 'No', '', 'cjlsac', 'cljlosa', 'vlhad', '09432342334', '"2025-11-25T16:00:00.000Z"', 'flajhwf', '/uploads/signatures/signature-1764158825785-2840396.png', '"2025-11-26T12:07:06.716Z"', '"2025-11-30T12:05:03.045Z"', NULL, '"2025-11-29T11:59:47.601Z"', NULL);

-- Table: "early_registration"
CREATE TABLE "early_registration" (
  "id" integer DEFAULT nextval('early_registration_id_seq'::regclass) NOT NULL,
  "gmail_address" character varying(255) NOT NULL,
  "school_year" character varying(20) NOT NULL,
  "lrn" character varying(20),
  "grade_level" character varying(20) NOT NULL,
  "last_name" character varying(100) NOT NULL,
  "first_name" character varying(100) NOT NULL,
  "middle_name" character varying(100),
  "ext_name" character varying(20),
  "birthday" date NOT NULL,
  "age" integer NOT NULL,
  "sex" character varying(10) NOT NULL,
  "religion" character varying(100),
  "current_address" text NOT NULL,
  "ip_community" character varying(10) NOT NULL,
  "ip_community_specify" character varying(200),
  "pwd" character varying(10) NOT NULL,
  "pwd_specify" character varying(200),
  "father_name" character varying(200),
  "mother_name" character varying(200),
  "guardian_name" character varying(200),
  "contact_number" character varying(20),
  "registration_date" date NOT NULL,
  "signature_image_path" character varying(500),
  "created_at" timestamp without time zone DEFAULT CURRENT_TIMESTAMP,
  "updated_at" timestamp without time zone DEFAULT CURRENT_TIMESTAMP,
  "printed_name" character varying(200),
  "assigned_section" character varying(100),
  "is_archived" boolean DEFAULT false,
  PRIMARY KEY ("id")
);

INSERT INTO "early_registration" ("id", "gmail_address", "school_year", "lrn", "grade_level", "last_name", "first_name", "middle_name", "ext_name", "birthday", "age", "sex", "religion", "current_address", "ip_community", "ip_community_specify", "pwd", "pwd_specify", "father_name", "mother_name", "guardian_name", "contact_number", "registration_date", "signature_image_path", "created_at", "updated_at", "printed_name", "assigned_section", "is_archived") VALUES
(31, 'jamezbello93@gmail.com', '2025 - 2026', '4444444', 'Grade 5', '22', '22', '22', NULL, '"2025-11-30T16:00:00.000Z"', 1, 'Male', '22', 'Mainaga', 'No', NULL, 'No', NULL, '22', '22', '222', '09433452476', '"2025-11-30T16:00:00.000Z"', '/uploads/signatures/signature-1764567437882.png', '"2025-12-01T05:37:17.969Z"', '"2025-12-01T06:28:38.469Z"', '22', 'Kinder - angel', false);

-- Table: "document_requests"
CREATE TABLE "document_requests" (
  "id" integer DEFAULT nextval('document_requests_id_seq'::regclass) NOT NULL,
  "request_token" character varying(20) NOT NULL,
  "student_name" character varying(255) NOT NULL,
  "student_id" character varying(100),
  "contact_number" character varying(50) NOT NULL,
  "email" character varying(255) NOT NULL,
  "document_type" character varying(100) NOT NULL,
  "purpose" text NOT NULL,
  "additional_notes" text,
  "adviser_name" character varying(255),
  "adviser_school_year" character varying(50),
  "student_type" character varying(20),
  "status" character varying(20) DEFAULT 'pending'::character varying,
  "processed_by" integer,
  "processed_at" timestamp without time zone,
  "completion_notes" text,
  "rejection_reason" text,
  "created_at" timestamp without time zone DEFAULT CURRENT_TIMESTAMP,
  "updated_at" timestamp without time zone DEFAULT CURRENT_TIMESTAMP,
  "quantity" integer DEFAULT 1,
  "submitted_at" timestamp without time zone,
  PRIMARY KEY ("id")
);

INSERT INTO "document_requests" ("id", "request_token", "student_name", "student_id", "contact_number", "email", "document_type", "purpose", "additional_notes", "adviser_name", "adviser_school_year", "student_type", "status", "processed_by", "processed_at", "completion_notes", "rejection_reason", "created_at", "updated_at", "quantity", "submitted_at") VALUES
(4, '5NZE-LL2K-CZFK', 'Kero, carl miro', NULL, '09453234567', 'kerocarl111@gmail.com', 'Certificate of Enrollment', 'For Scholarship', 'N/A', 'Mrs. Bella', '2020-2021', 'student', 'pending', NULL, NULL, NULL, NULL, '"2025-11-20T05:12:43.389Z"', '"2025-11-20T05:12:43.389Z"', 1, NULL);

-- Table: "blocked_ips"
CREATE TABLE "blocked_ips" (
  "id" integer DEFAULT nextval('blocked_ips_id_seq'::regclass) NOT NULL,
  "ip_address" character varying(45) NOT NULL,
  "reason" text NOT NULL,
  "blocked_by" integer,
  "blocked_at" timestamp without time zone DEFAULT CURRENT_TIMESTAMP,
  "expires_at" timestamp without time zone,
  "is_active" boolean DEFAULT true,
  "unblocked_by" integer,
  "unblocked_at" timestamp without time zone,
  "notes" text,
  PRIMARY KEY ("id")
);

-- Table: "behavior_reports"
CREATE TABLE "behavior_reports" (
  "id" integer DEFAULT nextval('behavior_reports_id_seq'::regclass) NOT NULL,
  "student_id" integer,
  "student_name" character varying(255),
  "section_id" integer,
  "section_name" character varying(100),
  "incident_type" character varying(100),
  "description" text,
  "severity" character varying(50),
  "reported_by" character varying(255),
  "report_date" date,
  "created_at" timestamp without time zone DEFAULT CURRENT_TIMESTAMP,
  "action_taken" text,
  "follow_up_date" date,
  PRIMARY KEY ("id")
);

-- Table: "behavior_report_archives"
CREATE TABLE "behavior_report_archives" (
  "id" integer DEFAULT nextval('behavior_report_archives_id_seq'::regclass) NOT NULL,
  "original_report_id" integer,
  "student_id" integer,
  "section_id" integer,
  "report_data" json,
  "archived_by" integer,
  "school_year" character varying(20),
  "archive_date" timestamp without time zone DEFAULT CURRENT_TIMESTAMP,
  PRIMARY KEY ("id")
);

-- Table: "audit_logs"
CREATE TABLE "audit_logs" (
  "id" integer DEFAULT nextval('audit_logs_id_seq'::regclass) NOT NULL,
  "user_id" integer,
  "username" character varying(255),
  "user_role" character varying(50),
  "action" character varying(100),
  "table_name" character varying(100),
  "record_id" integer,
  "changes" json,
  "ip_address" character varying(50),
  "created_at" timestamp without time zone DEFAULT CURRENT_TIMESTAMP,
  PRIMARY KEY ("id")
);
